id,name,desc
4631,革新精要,可用于升级战机技能。
4630,研究值,增加200点研究值，用于使用战机技能。
4618,紫色技能箱,战机技能箱，使用后随机获得1个紫色品质
4617,蓝色技能箱,战机技能箱，使用后随机获得1个蓝色品质
4616,蓝色空袭技能箱,使用后随机获得1个蓝色品质的空袭技能
4615,紫色横扫技能箱,使用后随机获得1个紫色品质的横扫技能
4614,紫色恐惧技能箱,使用后随机获得1个紫色品质的恐惧技能
4612,高级金币箱,使用后立即获得500金币
4611,初级金币箱,使用后立即获得200金币
4608,新型紫色矩阵宝箱,使用后可选择获得紫色装甲矩阵部队×1
4607,新型蓝色矩阵宝箱,使用后可选择获得蓝色装甲矩阵部队×1
4606,新型绿色矩阵宝箱,使用后可选择获得绿色装甲矩阵部队×1
4605,新型白色矩阵宝箱,使用后可选择获得白色装甲矩阵部队×1
4604,紫色矩阵宝箱,使用后随机获得紫色装甲矩阵部队×1
4603,蓝色矩阵宝箱,使用后随机获得蓝色装甲矩阵部队×1
4602,绿色矩阵宝箱,使用后随机获得绿色装甲矩阵部队×1
4601,白色矩阵宝箱,使用后随机获得白色装甲矩阵部队×1
4524,保养部队,使用后获得保养部队
4523,补给部队,使用后获得补给部队
4522,通讯部队,使用后获得通讯部队
4521,雷达部队,使用后获得雷达部队
4520,抢修部队,使用后获得抢修部队
4519,指挥部队,使用后获得指挥部队
4518,保养部队,使用后获得保养部队
4517,补给部队,使用后获得补给部队
4516,通讯部队,使用后获得通讯部队
4515,雷达部队,使用后获得雷达部队
4514,抢修部队,使用后获得抢修部队
4513,指挥部队,使用后获得指挥部队
4512,保养部队,使用后获得保养部队
4511,补给部队,使用后获得补给部队
4510,通讯部队,使用后获得通讯部队
4509,雷达部队,使用后获得雷达部队
4508,抢修部队,使用后获得抢修部队
4507,指挥部队,使用后获得指挥部队
4506,保养部队,使用后获得保养部队
4505,补给部队,使用后获得补给部队
4504,通讯部队,使用后获得通讯部队
4503,雷达部队,使用后获得雷达部队
4502,抢修部队,使用后获得抢修部队
4501,指挥部队,使用后获得指挥部队
4218,新型5号将领魂魄箱,使用后可选择获得曼施坦因_魂魄、曼陀菲尔_魂魄、斯利姆_魂魄、隆德施泰德_魂魄或莫德尔_魂魄1个。
4217,新型4号将领魂魄箱,使用后可选择获得古德里安_魂魄、梅耶魂魄、克莱斯特_魂魄、马歇尔_魂魄或梅塞_魂魄1个。
4216,新型3号将领魂魄箱,使用后可选择获得朱可夫_魂魄、戴高乐魂魄、韦维尔_魂魄、图哈切夫斯基_魂魄或布劳希奇_魂魄1个。
4215,新型2号将领魂魄箱,使用后可选择获得隆美尔_魂魄、豪赛尔_魂魄、迪特里希_魂魄、瓦尔特_魂魄或甘末林_魂魄1个。
4214,新型1号将领魂魄箱,使用后可选择获得魏特曼_魂魄、铁托_魂魄、曼纳海姆_魂魄、安东诺夫_魂魄或弗朗哥_魂魄1个。
4213,红龙火箭车,使用后获得红龙火箭车
4212,蛮王火炮,使用后获得蛮王火炮
4211,泰坦歼击车,使用后获得泰坦歼击车
4210,比蒙坦克,使用后获得比蒙坦克
4209,Vip专属头像,使用后可获得四周年专属头像，VIP达到特定等级免费获得。
4208,元老大将,打开后可获得周年庆典专属称号：元老大将。
4207,萌新小兵,打开后可获得周年庆典专属称号：萌新小兵。
4206,稀有技能要领,稀有技能融合消耗的必须品
4205,高级技能要领,高级技能融合消耗的必须品
4204,中级技能要领,中级技能融合消耗的必须品
4203,初级技能要领,初级技能融合消耗的必须品
4202,高级技能专精,用于升级高阶技能时消耗的必须道具
4201,技能专精,用于升级技能时消耗的必须道具
4103,爆破军徽碎片,活动获得，每20个可立即合成爆破军徽，活动结束后在背包查看。
4102,炙炎军徽碎片,活动获得，每20个可立即合成炙炎军徽，活动结束后在背包查看。
4101,战魂军徽碎片,★★★★★活动获得，每20个可立即合成战魂军徽，活动结束后在背包查看。
4006,先进进阶图纸,用于先进军徽进阶
4005,精良进阶图纸,用于精良军徽进阶
4004,普通进阶图纸,用于普通军徽进阶
4003,基础进阶图纸,用于基础军徽进阶
4002,高级军徽部件,用于军徽提升至高级
4001,军徽部件,用于军徽升级
3506,将领学说包,使用后随机获得1种将领学说
3505,D型改造材料包,购买后可立即获得神秘矿物*2，电钻*2，零件*775，设计蓝图*1
3504,C型改造材料包,"购买后可立即获得神秘矿物*2,电钻*15，零件*125，设计蓝图*1"
3503,B型改造材料包,购买后可立即获得神秘矿物*5，电钻*1，零件*75，设计蓝图*1
3502,A型改造材料包,购买后可立即获得神秘矿物*1，电钻*1，零件*75，设计蓝图*3
3501,三周年头像,使用后可获得三周年专属头像，完成活动任务累计活跃点数后免费获得。
3462,sample_prop_name_3462,**sample_prop_des_3462
3461,VIP12超值礼包,VIP12超值礼包，内含润滑剂*150，高级技能要领*12，中级技能要领*4。
3460,VIP11超值礼包,VIP11超值礼包，内含润滑剂*100，高级技能要领*6，中级技能要领*4。
3452,sample_prop_name_3452,**sample_prop_des_3452
3451,VIP12免费礼包,VIP12免费礼包，内含艾森豪威尔魂魄*50高级技能专精*2，技能专精*60。
3450,VIP11免费礼包,VIP11免费礼包，内含艾森豪威尔魂魄*50，高级技能专精*1，技能专精*40。
3424,8h,减少8小时科技研发时间
3423,2小时科技加速,减少2小时科技研发时间
3422,30m,减少30分钟科技研发时间
3421,10分钟科技加速,减少10分钟科技研发时间
3414,8h,减少8小时坦克生产或改造时间
3413,2小时生产加速,减少2小时坦克生产或改造时间
3412,30m,减少30分钟坦克生产或改造时间
3411,10分钟生产加速,减少10分钟坦克生产或改造时间
3404,8h,减少8小时建筑建造或升级时间
3403,2小时建筑加速,减少2小时建筑建造或升级时间
3402,30m,减少30分钟建筑建造或升级时间
3401,10分钟建筑加速,减少10分钟建筑建造或升级时间
3392,堕落天使,【雪人大战】活动专属头像！
3391,圣诞头像,使用后可以获得【全民圣诞】活动专属的头像。
3389,新型高级心得包,使用后可选择获得1种高级心得
3388,新型中级心得包,使用后可选择获得1种中级心得
3381,K,补给线高概率掉落；攻打关卡，军团副本，军事演习，远征军，装备探索，活动抽奖低概率掉落。
3380,C,军团副本和装备探索高概率掉落；攻打关卡，军事演习，远征军，补给线，活动抽奖低概率掉落。
3379,字母-U,军事演习和远征军高概率掉落；攻打关卡，军团副本，装备探索，补给线，活动抽奖低概率掉落。
3378,L,攻打关卡高概率掉落；军团副本，军事演习，远征军，装备探索，补给线，活动抽奖低概率掉落。
3377,恋爱之神,打开后可获得无独有偶专属称号：【恋爱之神】
3376,30级豪华礼包,使用后获得蓝色矩阵宝箱*1，中型资源箱1，统率书*2
3375,25级豪华礼包,使用后获得绿色矩阵宝箱*1，小型资源箱1，幸运币*5
3374,20级豪华礼包,使用后获得重型火箭车*4，重型坦克*4，重型自行火炮*4，重型歼击车*4
3373,15级豪华礼包,使用后获得30分钟建筑加速*1，30分钟生产加速*1，30分钟科技加速*1，统率书*3
3372,10级豪华礼包,使用后获得10分钟建筑加速*1，10分钟生产加速*1，10分钟科技加速*1，幸运币*3
3371,5级豪华礼包,使用后获得幸运币*2，荣誉勋章*2，统率书*2
3369,4号新型尖端碎片箱,使用后选择获得尖端品质的复合装甲或者火控装置碎片1个
61,小有名气礼包,邀请好友的奖励，使用后获得热核炸药*2，小型铅矿开采*3，荣誉勋章*10
70,辉煌礼包,使用后获得荣誉勋章*10、统率书*3、幸运币*2、金币*20、中型火箭车*20
78,突击礼包,使用后获得统率书*1、中型火箭车*1
85,血火礼包,使用后获得统率书*2、幸运币*1、中型火箭车*8
100,天赐礼包,使用后获得先进配件箱*1、统率书*30、荣誉勋章包*3、幸运币*30、重型火箭车*50
99,超量铅矿,使用后获得铅矿*60M
98,超量石油,使用后获得石油*90M
97,超量铁锭,使用后获得铁矿*120M
96,超量水晶,使用后得到30M水晶
95,军团发展礼包,使用后获得统率书*2、中型火箭车*20
94,军团征战礼包,使用后获得统率书*2、幸运币*1、中型火箭车*30
93,军团强袭礼包,使用后获得荣誉勋章*5、统率书*2、幸运币*2、中型火箭车*40
92,军团辉煌礼包,使用后获得荣誉勋章*5、统率书*3、幸运币*2、金币*10、重型坦克*50
91,尖端配件箱,使用后随机获得1个尖端配件
90,先进配件箱,使用后随机获得1个先进配件
89,精良配件箱,使用后随机获得1个精良配件
88,普通配件箱,使用后随机获得1个普通配件
86,风云礼包,使用后获得荣誉勋章*5、统率书*2、幸运币*2、中型火箭车*20
84,征伐礼包,使用后获得荣誉勋章*5、幸运币*2、中型火箭车*8
83,武装礼包,使用后获得幸运币*3、中型火箭车*5
82,合金礼包,使用后获得幸运币*2、中型火箭车*8
81,野望礼包,使用后获得荣誉勋章*5、统率书*1、幸运币*1、中型火箭车*5
80,参谋礼包,使用后获得统率书*2、中型火箭车*2
79,闪击礼包,使用后获得荣誉勋章*5、中型火箭车*5
77,捷径礼包,使用后获得荣誉勋章*6、统率书*5、幸运币*5、重型坦克*20
76,铁甲礼包,使用后获得荣誉勋章*1、统率书*4、幸运币*1、重型坦克*10
75,钢弹礼包,使用后获得荣誉勋章*1、统率书*2、幸运币*1、中型火箭车*5
74,元气礼包,使用后获得荣誉勋章*2、统率书*1、幸运币*1、中型火箭车*10
73,希望礼包,使用后获得荣誉勋章*5、统率书*3、幸运币*2、金币*10、重型坦克*20
72,神奇礼包,使用后获得荣誉勋章*5、统率书*3、幸运币*2、金币*20、中型火箭车*30
71,重装礼包,使用后获得荣誉勋章*10、统率书*3、幸运币*2、金币*20、重型坦克*10
69,雷霆礼包,使用后获得荣誉勋章*10、统率书*2、幸运币*5、金币*30、中型火箭车*15
68,铁血礼包,使用后获得荣誉勋章*5、统率书*5、幸运币*3、金币*20、中型火箭车*15
67,先机礼包,使用后获得荣誉勋章*5、统率书*3、幸运币*2、金币*20、重型坦克*15
66,铁骑礼包,使用后获得荣誉勋章*3、统率书*3、幸运币*5、金币*20、重型坦克*15
65,独家装甲礼包,出乎意料的大礼，打开会获得荣誉勋章*10、统率书*3、幸运币*3、金币*20、中型火箭车*15
64,英雄集聚礼包,邀请好友的奖励，使用后获得豹式坦克*20幸运币*15，统率书*10，高级迁徙令*1，小型资源箱*2
63,高朋满座礼包,邀请好友的奖励，使用后获得重型火箭车*20，幸运币*5，统率书*3，迁令*1，小型资源箱*1
62,呼朋引伴礼包,邀请好友的奖励，使用后获得热核炸药*5，加速生产*2，荣誉勋章*20
60,水晶礼包,邀请好友的奖励，使用后获得1000水晶
59,感恩礼包,开启感恩礼包会随机获得20~300枚金币。来！试试自己的手气。
58,3号芯片匣,使用后获得荣誉勋章*10，统率书*2幸运币*3，金币*20
57,宝箱钥匙,神秘宝箱的钥匙，击败军团副本BOSS关卡有几率获得
56,神秘宝箱,击败军团副本敌军获得的战利品，打开后将获得丰厚奖励（打开需要宝箱钥匙）
55,大箱金币,打开宝箱获得300金币
54,中箱金币,打开宝箱获得150金币
53,小箱金币,打开宝箱获得80金币
52,邀请礼包,使用后可获得铁矿、石油、铅矿各10K
51,超量钛矿,使用后可获得30M钛矿
50,发展宝箱,使用后可获得200枚荣誉勋章、20本统率书、10M铁矿、10M石油、10M铅矿
49,统率书箱,使用后可获得20本统率书
48,大荣誉勋章包,使用后可获得300枚荣誉勋章
47,幸运币,神奇的硬币，但大家都把它当做抽奖的道具
46,大型保护盾,使用后基地不会遭到攻击或侦察（戏谑技能不受限制），持续72小时；如果攻击其他玩家，则状态取消
45,中型保护盾,使用后基地不会遭到攻击或侦察（戏谑技能不受限制），持续24小时；如果攻击其他玩家，则状态取消
44,极速前行,部队在世界地图行军速度提升100%，持续24小时
43,大型能量盾,降低敌方部队的伤害20%，持续24小时
42,高能火药,增加己方部队的伤害20%，持续24小时
41,中型水晶开采,增加水晶50%的基础产量，持续24个小时
40,中型钛矿开采,增加钛矿50%的基础产量，持续24个小时
39,中型铅矿开采,增加铅矿50%的基础产量，持续24个小时
38,中型石油开采,增加石油50%的基础产量，持续24个小时
37,中型铁矿开采,增加铁矿50%的基础产量，持续24个小时
36,海量水晶,使用后得到500K水晶
35,海量钛矿,使用后得到500K钛矿
34,海量铅矿,使用后得到1M铅矿
33,海量石油,使用后得到1.5M石油
32,海量铁锭,使用后得到2M铁矿
31,新手礼包,使用后可获得4种资源礼包
30,大量水晶,使用后获得100K水晶
29,大块钛矿,使用后获得100K钛矿
28,大量铅矿,使用后获得200K铅矿
27,大量石油,使用后获得300K石油
25,少量水晶,使用后获得10K水晶
24,少量钛矿,使用后获得10K钛矿
23,少量铅矿,使用后获得20K铅矿
22,少量石油,使用后获得30K石油
21,少量铁锭,使用后获得40K铁矿
20,统率书,一定几率提升指挥官统率等级，增加带兵量
19,荣誉勋章,提升指挥官技能等级，可从关卡、每日任务和抽奖中获得
18,机动回避,使用后，可令敌军一回合内无法命中目标，仅能在军团副本中使用
17,空中支援,减少全部敌军当前生命值10%，仅能在军团副本中使用
16,高级迁徙令,使用后可将基地搬迁至一个指定位置
15,迁徙令,使用后可将基地搬迁至一个随机位置
14,小型保护盾,使用后基地不会遭到攻击或侦察（戏谑技能不受限制），持续12小时；如果攻击其他玩家，则状态取消
13,加速前行,部队在世界地图行军速度提升100%，持续4小时
12,热核炸药,增加己方部队的伤害20%，持续8小时
11,小型能量盾,降低敌方部队的伤害20%，持续8小时
10,小型水晶开采,增加水晶50%的基础产量，持续4个小时
9,小型钛矿开采,增加钛矿50%的基础产量，持续4个小时
8,小型铅矿开采,增加铅矿50%的基础产量，持续4个小时
7,小型石油开采,增加石油50%的基础产量，持续4个小时
6,小型铁矿开采,增加铁矿50%的基础产量，持续4个小时
5,加速生产,增加5种资源50%的基础产量，持续12小时
4,大型资源箱,使用后可获得铁矿、石油、铅矿各10M，水晶和钛矿各2M
3,中型资源箱,使用后可获得铁矿、石油、铅矿各3M，水晶和钛矿各600K
2,小型资源箱,使用后可获得铁矿、石油、铅矿各1M，水晶和钛矿各200K
1,荣誉勋章包,使用后可获得100枚荣誉勋章
115,钨芯弹头,使用后获得坦克的钨芯弹头
122,炮口制退器,使用后获得歼击车的炮口制退器
130,钨芯弹头,使用后获得歼击车的钨芯弹头
137,炮口制退器,使用后获得自行火炮的炮口制退器
146,钨芯弹头,使用后获得自行火炮的钨芯弹头
153,发射制退器,使用后获得火箭车的发射制退器
161,高爆弹头,使用后获得火箭车的高爆弹头
164,高爆弹头,使用后获得火箭车的高爆弹头
163,高爆弹头,使用后获得火箭车的高爆弹头
191,钨芯弹头碎片,使用后获得坦克的钨芯弹头碎片
199,记忆合金碎片,使用后获得歼击车的记忆合金碎片
200,记忆合金碎片,使用后获得歼击车的记忆合金碎片
198,炮口制退器碎片,使用后获得歼击车的炮口制退器碎片
197,炮口制退器碎片,使用后获得歼击车的炮口制退器碎片
196,炮口制退器碎片,使用后获得歼击车的炮口制退器碎片
195,陶瓷装甲碎片,使用后获得歼击车的陶瓷装甲碎片
194,陶瓷装甲碎片,使用后获得歼击车的陶瓷装甲碎片
193,陶瓷装甲碎片,使用后获得歼击车的陶瓷装甲碎片
192,钨芯弹头碎片,使用后获得坦克的钨芯弹头碎片
190,钨芯弹头碎片,使用后获得坦克的钨芯弹头碎片
189,记忆合金碎片,使用后获得坦克的记忆合金碎片
188,记忆合金碎片,使用后获得坦克的记忆合金碎片
187,记忆合金碎片,使用后获得坦克的记忆合金碎片
186,炮口制退器碎片,使用后获得坦克的炮口制退器碎片
185,炮口制退器碎片,使用后获得坦克的炮口制退器碎片
184,炮口制退器碎片,使用后获得坦克的炮口制退器碎片
183,陶瓷装甲碎片,使用后获得坦克的陶瓷装甲碎片
182,陶瓷装甲碎片,使用后获得坦克的陶瓷装甲碎片
181,陶瓷装甲碎片,使用后获得坦克的陶瓷装甲碎片
162,高爆弹头,使用后获得火箭车的高爆弹头
160,记忆合金,使用后获得火箭车的记忆合金
158,记忆合金,使用后获得火箭车的记忆合金
157,记忆合金,使用后获得火箭车的记忆合金
156,发射制退器,使用后获得火箭车的发射制退器
155,发射制退器,使用后获得火箭车的发射制退器
154,发射制退器,使用后获得火箭车的发射制退器
152,陶瓷装甲,使用后获得火箭车的陶瓷装甲
151,陶瓷装甲,使用后获得火箭车的陶瓷装甲
150,陶瓷装甲,使用后获得火箭车的陶瓷装甲
149,陶瓷装甲,使用后获得火箭车的陶瓷装甲
148,钨芯弹头,使用后获得自行火炮的钨芯弹头
147,钨芯弹头,使用后获得自行火炮的钨芯弹头
145,钨芯弹头,使用后获得自行火炮的钨芯弹头
144,记忆合金,使用后获得自行火炮的记忆合金
143,记忆合金,使用后获得自行火炮的记忆合金
142,记忆合金,使用后获得自行火炮的记忆合金
141,记忆合金,使用后获得自行火炮的记忆合金
140,炮口制退器,使用后获得自行火炮的炮口制退器
139,炮口制退器,使用后获得自行火炮的炮口制退器
138,炮口制退器,使用后获得自行火炮的炮口制退器
136,陶瓷装甲,使用后获得自行火炮的陶瓷装甲
135,陶瓷装甲,使用后获得自行火炮的陶瓷装甲
134,陶瓷装甲,使用后获得自行火炮的陶瓷装甲
133,陶瓷装甲,使用后获得自行火炮的陶瓷装甲
132,钨芯弹头,使用后获得歼击车的钨芯弹头
131,钨芯弹头,使用后获得歼击车的钨芯弹头
129,钨芯弹头,使用后获得歼击车的钨芯弹头
128,记忆合金,使用后获得歼击车的记忆合金
127,记忆合金,使用后获得歼击车的记忆合金
126,记忆合金,使用后获得歼击车的记忆合金
125,记忆合金,使用后获得歼击车的记忆合金
124,炮口制退器,使用后获得歼击车的炮口制退器
123,炮口制退器,使用后获得歼击车的炮口制退器
121,炮口制退器,使用后获得歼击车的炮口制退器
120,陶瓷装甲,使用后获得歼击车的陶瓷装甲
119,陶瓷装甲,使用后获得歼击车的陶瓷装甲
118,陶瓷装甲,使用后获得歼击车的陶瓷装甲
117,陶瓷装甲,使用后获得歼击车的陶瓷装甲
116,钨芯弹头,使用后获得坦克的钨芯弹头
114,钨芯弹头,使用后获得坦克的钨芯弹头
113,钨芯弹头,使用后获得坦克的钨芯弹头
112,记忆合金,使用后获得坦克的记忆合金
111,记忆合金,使用后获得坦克的记忆合金
110,记忆合金,使用后获得坦克的记忆合金
109,记忆合金,使用后获得坦克的记忆合金
108,炮口制退器,使用后获得坦克的炮口制退器
107,炮口制退器,使用后获得坦克的炮口制退器
205,陶瓷装甲碎片,使用后获得自行火炮的陶瓷装甲碎片
212,记忆合金碎片,使用后获得自行火炮的记忆合金碎片
220,发射制退器碎片,使用后获得火箭车的发射制退器碎片
228,高爆弹头碎片,使用后获得火箭车的高爆弹头碎片
235,豪华新手礼包,使用后获得统率书*1，迁徙令*1，小型保护盾*1，热核炸药*1
284,零件*10000,使用后获得零件*10000
283,零件*2000,使用后获得零件*2000
282,零件*500,使用后获得零件*500
281,零件*100,使用后获得零件*100
280,零件*20,使用后获得零件*20
279,工具箱,使用后获得工具箱
278,复原图纸,使用后获得复原图纸
277,电钻,使用后获得电钻
276,神秘矿物,使用后获得神秘矿物
275,设计蓝图,使用后获得设计蓝图
274,黄金军功章,使用后获得VIP点数*10000
273,白银军功章,使用后获得VIP点数*1000
272,青铜军功章,使用后获得VIP点数*100
271,卡夫卡的尖端配件箱,打开后随机获得尖端反应装甲或仪表盘1
270,卡夫卡的先进配件箱,打开后随机获得先进反应装甲或仪表盘1
269,卡夫卡的精良配件箱,打开后随机获得精良反应装甲或仪表盘1
268,卡夫卡的普通配件箱,打开后随机获得普通反应装甲或仪表盘1
266,精良碎片箱,打开后随机获得精良配件碎片1个。
265,黄金宝箱,以黄金所铸宝箱，有几率开出先进配件，万能碎片，大量资源和珍贵道具。
264,白银宝箱,以白银所铸宝箱，有几率开出精良配件及碎片，资源和珍贵道具。
263,青铜宝箱,以青铜所铸宝箱，有几率开出配件，资源和珍贵道具。
262,尖啸者火箭车,使用后获得尖啸者火箭车*1
261,冰電火箭车,使用后获得冰電火箭车*1
260,重型火箭车,使用后获得重型火箭车*1
259,中型火箭车,使用后获得中型火箭车*1
258,轻型火箭车,使用后获得轻型火箭车*1
256,野蜂自行火炮,使用后获得野蜂自行火炮*1
255,重型自行火炮,使用后获得重型自行火炮*1
254,中型自行火炮,使用后获得中型自行火炮*1
253,轻型自行火炮,使用后获得轻型自行火炮*1
252,猛虎歼击车,使用后获得猛虎歼击车*1
251,追猎者歼击车,使用后获得追猎者歼击车*1
250,重型歼击车,使用后获得重型歼击车*1
249,中型歼击车,使用后获得中型歼击车*1
248,轻型歼击车,使用后获得轻型歼击车*1
246,豹式坦克,使用后获得豹式坦克*1
245,重型坦克,使用后获得重型坦克*1
244,中型坦克,使用后获得中型坦克*1
243,轻型坦克,使用后获得轻型坦克*1
242,鼠式坦克,使用后获得鼠式坦克*1
241,突击虎,使用后获得突击虎*1
240,黑鹰,使用后获得黑鹰*1
239,T-90,使用后获得T-90*1
238,黑鹰出击,使用后获得黑鹰*80，精良配件箱*1
236,1000金币,使用后获得金币*1000
234,英雄集聚礼包,邀请好友的奖励，使用后获得豹式坦克*20幸运币*15，统率书*10，高级迁徙令*3，小型资源箱*2
233,高朋满座礼包,邀请好友的奖励，使用后获得重型火箭车*20，幸运币*5，统率书*5，迁令*1，小型资源箱*1
232,呼朋引伴礼包,邀请好友的奖励，使用后获得小型能量盾*5，加速生产*2，荣誉勋章*20
231,小有名气礼包,邀请好友的奖励，使用后获得热核炸药*2，小型铅矿开采*3，荣誉勋章*10
230,万能碎片,使用后获得万能碎片
229,强化补给包,使用后得到海量水晶*20，工具箱*60
226,高爆弹头碎片,使用后获得火箭车的高爆弹头碎片
225,记忆合金碎片,使用后获得火箭车的记忆合金碎片
224,记忆合金碎片,使用后获得火箭车的记忆合金碎片
223,记忆合金碎片,使用后获得火箭车的记忆合金碎片
222,发射制退器碎片,使用后获得火箭车的发射制退器碎片
221,发射制退器碎片,使用后获得火箭车的发射制退器碎片
219,陶瓷装甲碎片,使用后获得火箭车的陶瓷装甲碎片
218,陶瓷装甲碎片,使用后获得火箭车的陶瓷装甲碎片
217,陶瓷装甲碎片,使用后获得火箭车的陶瓷装甲碎片
216,钨芯弹头碎片,使用后获得自行火炮的钨芯弹头碎片
214,钨芯弹头碎片,使用后获得自行火炮的钨芯弹头碎片
213,记忆合金碎片,使用后获得自行火炮的记忆合金碎片
211,记忆合金碎片,使用后获得自行火炮的记忆合金碎片
210,炮口制退器碎片,使用后获得自行火炮的炮口制退器碎片
209,炮口制退器碎片,使用后获得自行火炮的炮口制退器碎片
208,炮口制退器碎片,使用后获得自行火炮的炮口制退器碎片
207,陶瓷装甲碎片,使用后获得自行火炮的陶瓷装甲碎片
206,陶瓷装甲碎片,使用后获得自行火炮的陶瓷装甲碎片
204,钨芯弹头碎片,使用后获得歼击车的钨芯弹头碎片
202,钨芯弹头碎片,使用后获得歼击车的钨芯弹头碎片
201,记忆合金碎片,使用后获得歼击车的记忆合金碎片
288,小型资源开采包,使用后获得5种小型资源开采各10个
296,坦克币,可代替坦克轮盘抽奖次数。
319,反应装甲,使用后获得自行火炮的反应装甲
326,反应装甲,使用后获得火箭车的反应装甲
332,仪表盘,使用后获得火箭车的仪表盘
331,仪表盘,使用后获得火箭车的仪表盘
330,仪表盘,使用后获得火箭车的仪表盘
356,仪表盘碎片,使用后获得坦克的仪表盘碎片
363,仪表盘碎片,使用后获得歼击车的仪表盘碎片
368,反应装甲碎片,使用后获得自行火炮的反应装甲碎片
367,反应装甲碎片,使用后获得自行火炮的反应装甲碎片
366,仪表盘碎片,使用后获得歼击车的仪表盘碎片
365,仪表盘碎片,使用后获得歼击车的仪表盘碎片
364,仪表盘碎片,使用后获得歼击车的仪表盘碎片
362,反应装甲碎片,使用后获得歼击车的反应装甲碎片
361,反应装甲碎片,使用后获得歼击车的反应装甲碎片
360,反应装甲碎片,使用后获得歼击车的反应装甲碎片
359,反应装甲碎片,使用后获得歼击车的反应装甲碎片
358,仪表盘碎片,使用后获得坦克的仪表盘碎片
357,仪表盘碎片,使用后获得坦克的仪表盘碎片
355,仪表盘碎片,使用后获得坦克的仪表盘碎片
354,反应装甲碎片,使用后获得坦克的反应装甲碎片
353,反应装甲碎片,使用后获得坦克的反应装甲碎片
352,反应装甲碎片,使用后获得坦克的反应装甲碎片
351,反应装甲碎片,使用后获得坦克的反应装甲碎片
329,仪表盘,使用后获得火箭车的仪表盘
328,反应装甲,使用后获得火箭车的反应装甲
327,反应装甲,使用后获得火箭车的反应装甲
325,反应装甲,使用后获得火箭车的反应装甲
324,仪表盘,使用后获得自行火炮的仪表盘
323,仪表盘,使用后获得自行火炮的仪表盘
322,仪表盘,使用后获得自行火炮的仪表盘
321,仪表盘,使用后获得自行火炮的仪表盘
320,反应装甲,使用后获得自行火炮的反应装甲
318,反应装甲,使用后获得自行火炮的反应装甲
317,反应装甲,使用后获得自行火炮的反应装甲
316,仪表盘,使用后获得歼击车的仪表盘
315,仪表盘,使用后获得歼击车的仪表盘
314,仪表盘,使用后获得歼击车的仪表盘
313,仪表盘,使用后获得歼击车的仪表盘
312,反应装甲,使用后获得歼击车的反应装甲
311,反应装甲,使用后获得歼击车的反应装甲
310,反应装甲,使用后获得歼击车的反应装甲
309,反应装甲,使用后获得歼击车的反应装甲
308,仪表盘,使用后获得坦克的仪表盘
307,仪表盘,使用后获得坦克的仪表盘
305,仪表盘,使用后获得坦克的仪表盘
304,反应装甲,使用后获得坦克的反应装甲
303,反应装甲,使用后获得坦克的反应装甲
302,反应装甲,使用后获得坦克的反应装甲
306,仪表盘,使用后获得坦克的仪表盘
301,反应装甲,使用后获得坦克的反应装甲
3339,2号尖端碎片箱,打开随机获得尖端记忆合金碎片、钨芯弹头碎片、高爆弹头碎片1个
534,复合装甲碎片,使用后获得坦克的复合装甲碎片
779,马歇尔大魂石箱,使用后获得马歇尔魂魄*10
2109,配件运载箱,来自盟友的馈赠，存有珍贵的配件，需要运载箱秘钥方可打开。
722,瓦连佐夫魂石箱,使用后获得瓦连佐夫魂魄*1
1089,10倍礼包,使用后获得金币*300、小型资源箱*1、小型保护盾*1、幸运币*2、迁徙令*1
734,韦维尔魂石箱,使用后获得韦维尔魂魄*1
3042,亨德森魂魄,使用后获得亨德森魂魄*1
1338,交叉火力,使用后获得彩蛋礼包*10，演习礼包*10，韧性结晶Lv.3*1
389,金币礼包 (小),使用后获得200~400金币。
2101,配件运载箱,来自盟友的馈赠，存有珍贵的配件，需要运载箱秘钥方可打开。
1312,军火礼包,使用后获得导航核芯*20，极速前行*5，荣誉勋章*20，机动回避*2，统率书*5
978,福,可随机获得周年庆典福五字中的一个
1184,E会员通用礼包,使用后获得精锐勋章*3，统率书*2，荣誉勋章*5，设计蓝图*1
930,设计蓝图集装箱,使用获得设计蓝图*100
3044,凯瑟琳魂魄,使用后获得凯瑟琳魂魄*1
802,卡夫卡的馈赠,使用后获得卡夫卡的先进配件箱改*1、电钻*100、神秘矿物*20、设计蓝图*10、大型资源箱*2
1147,应用宝礼包,使用后获得统率书*1，热核炸药*1，轻型火箭车*20。
580,角色进化包,使用后获得统率书*20，荣誉勋章*200，幸运币*10，演习令*5
728,艾布拉姆斯魂石箱,使用后获得艾布拉姆斯魂魄*1
1212,神奇宝箱,使用后获得荣誉勋章*10，统率书*3，幸运币*3，天启坦克*20
708,迪特里希魂石箱,使用后获得迪特里希魂魄*1
2034,配件运载箱,来自盟友的馈赠，存有珍贵的配件，需要运载箱秘钥方可打开。
3308,狼穴进攻礼包,使用之后有几率获得稀有的进阶荣誉勋章或其他珍奇道具。
3104,九头蛇火箭车,使用后获得九头蛇火箭车*1
2061,配件运载箱,来自盟友的馈赠，存有珍贵的配件，需要运载箱秘钥方可打开。
642,高级坚韧心得,用于将领技能升级
1313,荣誉礼包,使用后获得统率书*10，精锐勋章*20，荣誉勋章*50，金币*100
536,火控装置碎片,使用后获得坦克的火控装置碎片
1056,高级物资礼包,使用后获得铁矿*500W、石油*500W、铅矿*500W、钛矿*100W、水晶*100W。
1281,储值回馈礼包3,使用后获得卡夫卡的先进配件箱*1，配件进化包*1，将领魂石箱*20，金币*500
1296,M-day,使用后获得配件改造包*2，零件*2000，工具箱*5
444,中型钛矿开采,增加100%基础钛矿产量，持续24个小时
679,500金币礼包,使用后获得500金币。
1099,就绪礼包,使用后获得荣誉勋章*1，统率书*2，幸运币*1，中型火箭车*5
2129,工程委托书,雇佣专业工程队，帮忙升级已有建筑，持续4小时！
967,红箭-10,使用获得红箭-10*1
757,曼陀菲尔大魂石箱,使用后获得曼陀菲尔魂魄*10
2075,配件运载箱,来自盟友的馈赠，存有珍贵的配件，需要运载箱秘钥方可打开。
3011,范佛里特魂石箱,使用后获得范佛里特魂魄*1
699,特惠统率书包,使用后获得统率书*10
815,4号精良碎片箱,使用后随机获得精良品质的复合装甲或者火控装置碎片
1162,周年庆贺岁礼包,使用后获得先进配件箱*1，彩蛋礼包*10，演习礼包*10，金币*100
1146,喜气羊羊宝箱,使用后获得统率书*6，中级将领经验书*5，精锐勋章*10，金币*100
799,*sample_prop_name_799,**sample_prop_des_799
1076,封测参与礼包,使用后获得幸运币*5、重型坦克*10。
1090,飓风礼包,使用后获得飓风火箭车*7、金币*60
772,瓦连佐夫大魂石箱,使用后获得瓦连佐夫魂魄*10
711,豪赛尔魂石箱,使用后获得豪赛尔魂魄*1
3019,史密斯魂石箱,使用后获得史密斯魂魄*1
774,巴顿大魂石箱,使用后获得巴顿魂魄*10
517,复合装甲,使用后获得自行火炮的复合装甲
672,配件改造包,使用后获得电钻*1、神秘矿物*1、设计蓝图
1128,三羊开泰礼包,使用后获得统率书*5，迁徙令*3，加速前行*1，海量水晶*2
1346,火力芯片,用于改装T34系列火箭车
614,指挥体系学说,用于将领技能升级
1070,星痕礼包,使用后获得普通配件箱*1、统率书*1、荣誉勋章*3、重型坦克*10
860,普通晶体箱,打开获得普通晶体*1000
2077,配件运载箱,来自盟友的馈赠，存有珍贵的配件，需要运载箱秘钥方可打开。
2037,配件运载箱,来自盟友的馈赠，存有珍贵的配件，需要运载箱秘钥方可打开。
401,火控核芯集装箱,使用获得火控核芯*200
644,高级闪避心得,用于将领技能升级
1071,幸运礼包,使用后获得幸运币*3、荣誉勋章*3、重型火箭车*5
2068,配件运载箱,来自盟友的馈赠，存有珍贵的配件，需要运载箱秘钥方可打开。
2097,配件运载箱,来自盟友的馈赠，存有珍贵的配件，需要运载箱秘钥方可打开。
545,火控装置碎片,使用后获得歼击车的火控装置碎片
406,模糊不清的藏宝图,藏宝图碎片合成的藏宝图，但是已经模糊不清，据说使用“复原药水”可以复原！
1042,毒蛇礼包,使用后获得小型水晶开采*1、荣誉勋章*5、统率书*3、幸运币*2。
914,高级武器蓝图,随机紫色超级武器蓝图
501,复合装甲,使用后获得坦克的复合装甲
1036,世界波礼包,使用后获得加速生产*1，小型资源箱*1，先进配件箱*1。
776,麦克阿瑟大魂石箱,使用后获得麦克阿瑟魂魄*10
3302,进阶荣誉勋章,稀有的荣誉勋章，用于提升指挥官中级技能。
370,反应装甲碎片,使用后获得自行火炮的反应装甲碎片
2138,8,**sample_prop_des_2138
1118,应用宝礼包,使用后获得统率书*1，加速前行*1，轻型火箭车*20
769,图哈切夫斯基大魂石箱,使用后获得图哈切夫斯基魂魄*10
1151,贺岁礼包,使用后获得幸运币*3，迁徙令*1，尖啸者火箭车*5
1298,双旦礼包,使用后获得统率书*10，精锐勋章*20，润滑剂*200，先进碎片箱*1
3384,庆,军事演习和远征军高概率掉落；攻打关卡，军团副本，装备探索，补给线，活动抽奖低概率掉落。
1201,任务集市10级奖励,使用后获得统率书*1，荣誉勋章*10，轻型自行火炮*10，金币*10
479,黄金臂章,能力的象征，用于提升橙色品质装备的品阶
894,恶魔之吻,圣诞节专属头像！
1230,七星高照礼箱,使用后获得机动回避*1，统率书*5，火控核芯*10，金币*100
847,VIP9超值礼包,VIP9超值礼包，内含火控核芯*100，导航核芯*100，荣誉勋章*200。
972,中国科技能量,为配件搭载中国科技时的消耗材料
1476,坦小云魂石箱,使用后获得坦小云魂魄*1
1351,T34火箭车,使用后获得T34火箭车*1
1087,贵宾礼包,使用后获得火控核芯*100、聚变核芯*100、统率书*10、荣誉勋章包*1
664,大师闪避心得,用于将领技能升级
3036,凯特琳魂魄,使用后获得凯特琳魂魄*1
701,隆美尔魂石箱,使用后获得隆美尔魂魄*1
848,VIP10超值礼包,VIP10超值礼包，内含聚变核芯*100，爆燃核芯*100，荣誉勋章*300。
933,精工石碎片,精工石的碎片，可在精工商店中兑换将领专属精工道具
546,火控装置碎片,使用后获得歼击车的火控装置碎片
1131,六六大顺礼包,使用后获得幸运币*6，豹式坦克*6，金币*60
766,叶廖缅科大魂石箱,使用后获得叶廖缅科魂魄*10
3046,萨拉魂魄,使用后获得萨拉魂魄*1
507,火控装置,使用后获得坦克的火控装置
2027,配件运载箱,来自盟友的馈赠，存有珍贵的配件，需要运载箱秘钥方可打开。
737,梅塞魂石箱,使用后获得梅塞魂魄*1
520,火控装置,使用后获得自行火炮的火控装置
3310,0,**sample_prop_des_3310
1060,三等奖礼包,使用后获得精良配件箱*1、电钻*10、重型歼击车*20。
2058,配件运载箱,来自盟友的馈赠，存有珍贵的配件，需要运载箱秘钥方可打开。
438,小型铅矿开采,增加100%基础铅矿产量，持续4个小时
2049,配件运载箱,来自盟友的馈赠，存有珍贵的配件，需要运载箱秘钥方可打开。
944,坚毅佩剑,【里布】的专属武器精工道具！
1119,Gstar奠基礼包,使用后获得幸运币*3，小型保护盾*1，加速前行*1，荣誉勋章*3
3345,新型3号先进碎片箱,使用后可选择获得先进品质的反应装甲或者仪表盘碎片1个
1094,建筑资源宝箱,使用后获得铁矿*5M、石油*5M、铅矿*5M
1085,20级礼包,开启需要等级20。使用获得黄金宝箱*3，精良配件箱*1，极速前行*1
450,大师将领经验书,使用之后为将领增加10000点经验值
1015,尊享礼包,使用后获得精良配件箱*1，统率书*6，荣誉勋章*30，重型坦克*30
483,荣誉战术讲义,一本以荣誉为主题的讲义，用作战术书的精工
866,铁十字勋章,用于将领领悟功勋技能
654,专家闪避心得,用于将领技能升级
751,隆美尔大魂石箱,使用后获得隆美尔魂魄*10
460,高级装备图纸+2,可将装备品质从紫色+1提升至紫色+2
853,VIP4免费礼包,VIP4免费礼包，内含艾森豪威尔魂魄*20，统率书*5，荣誉勋章*20。
700,特惠幸运币包,使用后获得幸运币*20
2150,0,**sample_prop_des_2150
907,小阿玛塔,使用获得小阿玛塔*1
2059,配件运载箱,来自盟友的馈赠，存有珍贵的配件，需要运载箱秘钥方可打开。
523,火控装置,使用后获得自行火炮的火控装置
787,梅塞大魂石箱,使用后获得梅塞魂魄*10
714,崔可夫魂石箱,使用后获得崔可夫魂魄*1
3039,米勒魂魄,使用后获得米勒魂魄*1
1213,重装宝箱,使用后获得荣誉勋章*10，统率书*5，幸运币*3，豹式坦克*20
2132,2,**sample_prop_des_2132
3013,*sample_prop_name_301,**sample_prop_des_3013
694,特惠中型资源箱,"使用后获得铁矿、石油、铅各3M,水晶、钛矿各600K"
477,紫罗兰勋带,荣誉的象征，用于提升紫色品质装备的品阶
1008,竞技勋章测试道具,使用获得竞技勋章*1000
2022,配件运载箱,来自盟友的馈赠，存有珍贵的配件，需要运载箱秘钥方可打开。
987,*sample_prop_name_987,**sample_prop_des_987
1288,超值礼包,使用后获得统率书*5，幸运币*2，迁徙令*2
382,仪表盘碎片,使用后获得火箭车的仪表盘碎片
651,专家指挥心得,用于将领技能升级
2024,配件运载箱,来自盟友的馈赠，存有珍贵的配件，需要运载箱秘钥方可打开。
1265,Efun专属礼包,使用后获得统率书*10，冰電火箭车*50，黑鹰*30，T-99*30
814,4号普通碎片箱,使用后随机获得普通品质的复合装甲或者火控装置碎片
835,坚韧芯片,用于改装99式坦克
371,仪表盘碎片,使用后获得自行火炮的仪表盘碎片
997,未鉴定的科技能量,使用并鉴定后，可以随机获得一个科技能量
1191,快乐儿童节礼包,使用后获得火控核芯*20，统率书*5，荣誉勋章*10
834,将领邀请函,使用获得1星豪赛尔，甘末林，韦维尔，布鲁克弗朗哥，瓦尔特各1位
2146,6,**sample_prop_des_2146
2131,sample_prop_name_213,**sample_prop_des_2131
926,阅兵至尊礼包,使用后获得59式坦克*20，99式坦克*20，荣誉勋章*50
431,命中提升II,命中提升20%，持续4小时《
3023,*sample_prop_name_302,**sample_prop_des_3023
409,间谍雷达,尖端科技的代表，使用后可搜寻到任何人的坐标
2071,配件运载箱,来自盟友的馈赠，存有珍贵的配件，需要运载箱秘钥方可打开。
3346,新型4号先进碎片箱,使用后可选择获得先进品质的复合装甲或者火控装置碎片1个
1231,八方来财礼箱,使用后获得荣誉勋章*30，精锐勋章*20，金币*100
1149,应用宝礼包,使用后获得统率书*1，荣誉勋章*1，轻型火箭车*20。
1005,战车礼包,使用后获得统率书*1，迁徙令*3，幸运币*3，重型歼击车*20
3385,节,军团副本和装备探索高概率掉落；攻打关卡，军事演习，远征军，补给线，活动抽奖低概率掉落。
3109,T-100,使用后获得T-100*1
852,VIP3免费礼包,VIP3免费礼包，内含艾森豪威尔魂魄*20，统率书*5，荣誉勋章*10。
533,复合装甲碎片,使用后获得坦克的复合装甲碎片
386,铁质军需箱,铁质的箱子，打开可获得大量资源或道具《
2070,配件运载箱,来自盟友的馈赠，存有珍贵的配件，需要运载箱秘钥方可打开。
867,异星晶尘箱,使用后获得异星晶尘*10000《
941,铁血指挥刀,【博克】的专属武器精工道具！
667,大师决战心得,用于将领技能升级
1204,任务集市30级奖励,使用后获得统率书*5，荣誉勋章*50，热核炸药*5，重型自行火炮*30
803,卡夫卡的礼物,使用获得卡夫卡的先进配件箱*1、电钻*100、神秘矿物*20、设计蓝图*10、大型资源箱*2
2110,配件运载箱,来自盟友的馈赠，存有珍贵的配件，需要运载箱秘钥方可打开。
1220,强力礼包,使用后获得荣誉勋章包*3，精锐勋章*100，高级将领经验书*5
1098,猛犸礼包,使用后获得猛犸自行火炮*5，机动回避*1，统率书*1
785,布鲁克大魂石箱,使用后获得布鲁克魂魄*10
3006,利斯特魂石箱,使用后获得利斯特魂魄*1<
2001,配件运载箱,来自盟友的馈赠，存有珍贵的配件，需要运载箱秘钥方可打开。
1327,猴年小礼,使用后获得加速生产*1，荣誉勋章*5，初级将领经验书*10
874,电磁芯片,用于改造磁暴坦克
2103,配件运载箱,来自盟友的馈赠，存有珍贵的配件，需要运载箱秘钥方可打开。
405,复原药水,一个考古家发明的药水，可以复原一些损坏的图纸。
2098,配件运载箱,来自盟友的馈赠，存有珍贵的配件，需要运载箱秘钥方可打开。
1264,白金推荐礼包,使用后获得精锐勋章*30，中级闪避心得*10，怒狮火箭车*100，水晶*1000000
3317,鼠王坦克,使用后获得鼠王坦克*1《
780,戴高乐大魂石箱,使用后获得戴高乐魂魄*10《
618,士官训练学说,用于将领技能升级
1039,狐狸礼包,使用后获得金币*100、小型保护盾*1。
104,陶瓷装甲,使用后获得坦克的陶瓷装甲《
106,炮口制退器,使用后获得坦克的炮口制退器《
159,记忆合金,使用后获得火箭车的记忆合金
105,炮口制退器,使用后获得坦克的炮口制退器
103,陶瓷装甲,使用后获得坦克的陶瓷装甲《
102,陶瓷装甲,使用后获得坦克的陶瓷装甲
101,陶瓷装甲,使用后获得坦克的陶瓷装甲
87,彩蛋礼包,使用后有机会获得大量资源和各种超值道具
26,大量铁锭,使用后获得400K铁矿
237,黑鹰礼包,使用后获得黑鹰*4，幸运币*1
257,黑豹自行火炮,使用后获得黑豹自行火炮*1
286,小箱幸运币,使用后获得幸运币*20
289,中型资源开采包,使用后获得5种中型资源开采各2个《
291,演习礼包,使用后获得军事演习胜利的奖励，可随机开出珍贵道具
227,高爆弹头碎片,使用后获得火箭车的高爆弹头碎片《
247,天启坦克,使用后获得天启坦克*1
285,铁质军功章,使用后获得VIP点数*10。
287,大箱幸运币,使用后获得幸运币*50
292,演习令,额外增加1次可演习次数，使用后当日有效《
372,仪表盘碎片,使用后获得自行火炮的仪表盘碎片
373,仪表盘碎片,使用后获得自行火炮的仪表盘碎片
374,仪表盘碎片,使用后获得自行火炮的仪表盘碎片
376,反应装甲碎片,使用后获得火箭车的反应装甲碎片
377,反应装甲碎片,使用后获得火箭车的反应装甲碎片
379,仪表盘碎片,使用后获得火箭车的仪表盘碎片
380,仪表盘碎片,使用后获得火箭车的仪表盘碎片
383,神秘军需箱,科技感十足的箱子，打开可获得稀有道具
384,黄金军需箱,金质的箱子，打开可获得珍贵道具《
387,木质军需箱,木质的箱子，打开可获得资源或道具
390,金币礼包 (中),使用后获得800~1600金币。《
391,金币礼包 (大）,使用后获得3200~6400金币。
393,火控核芯,用于改装坦克
392,小荣誉勋章包,使用后获得荣誉勋章*10。
388,小型军需箱,容量很小的箱子，打开可获得少量资源或坦克
394,聚变核芯,用于改装歼击车
397,火控核芯箱,使用获得火控核芯*50《
396,爆燃核芯,用于改装火箭车》
395,导航核芯,用于改装自行火炮
385,白银军需箱,银质的箱子，打开可获得大量资源或高级道具
381,仪表盘碎片,使用后获得火箭车的仪表盘碎片《
378,反应装甲碎片,使用后获得火箭车的反应装甲碎片
375,反应装甲碎片,使用后获得火箭车的反应装甲碎片
369,反应装甲碎片,使用后获得自行火炮的反应装甲碎片
399,导航核芯箱,使用获得导航核芯*50
400,爆燃核芯箱,使用获得爆燃核芯*50
402,聚变核芯集装箱,使用获得聚变核芯*200
403,导航核芯集装箱,使用获得导航核芯*200
404,爆燃核芯集装箱,使用获得爆燃核芯*200
408,卡夫卡的终极大礼,打开获得卡夫卡的先进配件箱*1，荣誉勋章包*1，统率书箱*1，幸运币*30，钛矿*2M，水晶*2M。
410,力场芯片,用于改装T-90
411,蓄能芯片,用于改装黑鹰
412,制导芯片,用于改装战象自行火炮
413,聚裂芯片,用于改装巨鼠坦克
414,寻踪芯片,用于改装沙暴火箭车
415,坦克宝箱,使用后获得中级坦克。
416,高级坦克宝箱,使用后获得高级坦克。
417,配件补充包,使用后获得配件相关道具。
418,10金币宝箱,使用后获得金币*10。
419,100金币宝箱,使用后获得金币*100。
420,1000金币宝箱,使用后获得金币*1000。
421,热核炸药I,增加己方部队的伤害30%，持续8小时《
422,小型能量盾I,降低敌方部队的伤害30%，持续8小时《
423,加速前行I,部队在世界地图行军速度提升150%，持续4小时
424,高能火药II,增加己方部队的伤害30%，持续24小时
428,闪避提升,闪避提升10%，持续4小时
429,暴击提升,暴击提升10%，持续4小时
430,装甲提升,装甲提升10%，持续4小时
432,闪避提升II,闪避提升20%，持续4小时
433,暴击提升II,暴击提升20%，持续4小时
434,装甲提升II,装甲提升20%，持续4小时
435,加速生产I,5种资源均增加100%基础产量，持续12小时
436,小型铁矿开采,增加100%基础铁矿产量，持续4个小时
437,小型石油开采,增加100%基础石油产量，持续4个小时
439,小型钛矿开采,增加100%基础钛矿产量，持续4个小时
440,小型水晶开采,增加100%基础水晶产量，持续4个小时
441,中型铁矿开采,增加100%基础铁矿产量，持续24个小时
442,中型石油开采II,增加100%基础石油产量，持续24个小时
443,中型铅矿开采,增加100%基础铅矿产量，持续24个小时《
445,中型水晶开采I,增加100%基础水晶产量，持续24个小时
447,中级将领经验书,使用之后为将领增加200点经验值
448,高级将领经验书,使用之后为将领增加1000点经验值
449,专家将领经验书,使用之后为将领增加4000点经验值
451,初级装备图纸,可将装备品质从白色提升至绿色
452,初级装备图纸+1,可将装备品质从绿色提升至绿色+1
453,初级装备图纸+2,可将装备品质从绿色+1提升至绿色+2
454,中级装备图纸,可将装备品质从绿色+2提升至蓝色
455,中级装备图纸+1,可将装备品质从蓝色提升至蓝色+1
456,中级装备图纸+2,可将装备品质从蓝色+1提升至蓝色+2
457,中级装备图纸+3,可将装备品质从蓝色+2提升至蓝色+3
458,高级装备图纸,可将装备品质从蓝色+3提升至紫色
459,高级装备图纸+1,可将装备品质从紫色提升至紫色+1
462,高级装备图纸+4,可将装备品质从紫色+3提升至紫色+4
463,大师装备图纸,可将装备品质从紫色+4提升至橙色
464,大师装备图纸+1,可将装备品质从橙色提升至橙色+1
465,大师装备图纸+2,可将装备品质从橙色+1提升至橙色+2
466,大师装备图纸+3,可将装备品质从橙色+2提升至橙色+3
467,大师装备图纸+4,可将装备品质从橙色+3提升至橙色+4
468,大师装备图纸+5,可将装备品质从橙色+4提升至橙色+5
469,碧绿肩章,权力的象征，用于提升绿色品质装备的品阶
470,碧绿臂章,能力的象征，用于提升绿色品质装备的品阶
471,碧绿勋带,荣誉的象征，用于提升绿色品质装备的品阶
472,湛蓝肩章,权力的象征，用于提升蓝色品质装备的品阶
473,湛蓝臂章,能力的象征，用于提升蓝色品质装备的品阶
474,湛蓝勋带,荣誉的象征，用于提升蓝色品质装备的品阶
476,紫罗兰臂章,能力的象征，用于提升紫色品质装备的品阶>
478,黄金肩章,权力的象征，用于提升橙色品质装备的品阶
480,黄金勋带,荣誉的象征，用于提升橙色品质装备的品阶
481,精工石,拥有神秘力量的石头，科学家也无法解释，被人们用于装备精工
482,铁血战术讲义,一本以铁血为主题的讲义，用作战术书的精工
484,坚毅战术讲义,一本以坚毅为主题的讲义，用作战术书的精工
485,猎鹰奖章,对于功绩的表彰，用作勋章的精工
486,猛虎奖章,对于勇猛的表彰，用作勋章的精工
487,狡狐奖章,对于战术的表彰，用作勋章的精工
488,沙狐权杖,【隆美尔】的专属武器精工道具！
489,铁甲权杖,【古德里安】的专属武器精工道具！
490,闪击权杖,【曼施坦因】的专属武器精工道具！
491,B,【魏特曼】的专属武器精工道具！
493,荣耀指挥刀,【崔可夫】的专属武器精工道具！
494,坚毅指挥刀,【布施】【铁木辛哥】的专属武器精工道具！
495,血胆配剑,【巴顿】的专属武器精工道具！
496,统御配剑,【艾森豪威尔】的专属武器精工道具！
497,改革配剑,【麦克阿瑟】的专属武器精工道具！
498,自由配剑,【戴高乐】的专属武器精工道具！
499,追猎配剑,【屈希勒尔】【蒙哥马利】的专属武器精工道具！
500,复合装甲,使用后获得坦克的复合装甲
502,复合装甲,使用后获得坦克的复合装甲
503,复合装甲,使用后获得坦克的复合装甲
504,火控装置,使用后获得坦克的火控装置
506,火控装置,使用后获得坦克的火控装置
509,复合装甲,使用后获得歼击车的复合装甲
512,火控装置,使用后获得歼击车的火控装置
514,火控装置,使用后获得歼击车的火控装置
515,火控装置,使用后获得歼击车的火控装置
518,复合装甲,使用后获得自行火炮的复合装甲
521,火控装置,使用后获得自行火炮的火控装置
524,复合装甲,使用后获得火箭车的复合装甲
526,复合装甲,使用后获得火箭车的复合装甲
528,火控装置,使用后获得火箭车的火控装置
530,火控装置,使用后获得火箭车的火控装置
531,火控装置,使用后获得火箭车的火控装置
535,复合装甲碎片,使用后获得坦克的复合装甲碎片
538,火控装置碎片,使用后获得坦克的火控装置碎片
540,复合装甲碎片,使用后获得歼击车的复合装甲碎片
542,复合装甲碎片,使用后获得歼击车的复合装甲碎片
544,火控装置碎片,使用后获得歼击车的火控装置碎片
547,火控装置碎片,使用后获得歼击车的火控装置碎片
549,复合装甲碎片,使用后获得自行火炮的复合装甲碎片
551,复合装甲碎片,使用后获得自行火炮的复合装甲碎片
553,火控装置碎片,使用后获得自行火炮的火控装置碎片
555,火控装置碎片,使用后获得自行火炮的火控装置碎片
557,复合装甲碎片,使用后获得火箭车的复合装甲碎片
559,复合装甲碎片,使用后获得火箭车的复合装甲碎片
561,火控装置碎片,使用后获得火箭车的火控装置碎片
563,火控装置碎片,使用后获得火箭车的火控装置碎片
565,卡夫卡的精良配件箱改,打开后随机获得精良火控装置或复合装甲1个
566,卡夫卡的先进配件箱改,打开后随机获得先进火控装置或复合装甲1个
569,2号新式碎片箱,打开随机获得先进记忆合金或钨芯弹头碎片1~2个，有一定几率出现尖端品质。
571,2号尖端配件箱,打开随机获得尖端记忆合金或钨芯弹头1
572,虎王坦克,使用后获得虎王坦克*1
574,猛犸自行火炮,使用后获得猛犸自行火炮*1
575,怒狮火箭车,使用后获得怒狮火箭车*1
577,59式坦克,使用后获得59式坦克*1
578,配件进化包,使用后获得设计蓝图*10，神秘矿物*10，电钻*10，工具箱*20，演习令*3
601,精锐勋章,用于将领突破和将领技能升级
606,铜质装甲勋章,用于将领技能升级
607,银质装甲勋章,用于将领技能升级
611,装甲作战学说,用于将领技能升级
612,地势作战学说,用于将领技能升级
615,部队掌握学说,用于将领技能升级
616,战线推进学说,用于将领技能升级
621,初级指挥心得,用于将领技能升级
622,初级坚韧心得,用于将领技能升级
623,初级精准心得,用于将领技能升级
624,初级闪避心得,用于将领技能升级
625,初级暴击心得,用于将领技能升级
626,初级装甲心得,用于将领技能升级
631,中级指挥心得,用于将领技能升级
632,中级坚韧心得,用于将领技能升级
633,中级精准心得,用于将领技能升级
634,中级闪避心得,用于将领技能升级
635,中级暴击心得,用于将领技能升级
636,中级装甲心得,用于将领技能升级
637,中级决战心得,用于将领技能升级
641,高级指挥心得,用于将领技能升级
643,高级精准心得,用于将领技能升级
645,高级暴击心得,用于将领技能升级
646,高级装甲心得,用于将领技能升级
647,高级决战心得,用于将领技能升级
652,专家坚韧心得,用于将领技能升级
653,专家精准心得,用于将领技能升级
656,专家装甲心得,用于将领技能升级
684,特惠海量石油,使用后获得150万石油
685,特惠海量铅矿,使用后获得100万铅矿
686,特惠海量钛矿,使用后获得50万钛矿
687,特惠海量水晶,使用后获得50万水晶
688,特惠小型能量盾包,使用后获得小型能量盾*5
689,特惠热核炸药包,使用后获得热核炸药*5《
690,特惠加速前行包,使用后获得加速前行*10
692,特惠机动回避包,使用后获得机动回避*5
691,特惠空中支援包,使用后获得空中支援*5
693,特惠小型资源箱,"使用后获得铁矿、石油、铅各1M,水晶、钛矿各200K"
695,特惠大型资源箱,使用后获得铁矿、石油、铅各10M，水晶、钛矿各2M
696,特惠迁徙令包,使用后获得迁令*10
697,特惠高级迁徙令包,使用后获得高级迁徙令*3《
698,特惠荣誉勋章包,使用后获得荣誉勋章*50
702,古德里安魂石箱,使用后获得古德里安魂魄*1
703,曼施坦因魂石箱,使用后获得曼施坦因魂魄*1
704,魏特曼魂石箱,使用后获得魏特曼魂魄*1
683,特惠海量铁锭,使用后获得200万铁矿
705,梅耶魂石箱,使用后获得梅耶魂魄*1《
706,克莱斯特魂石箱,使用后获得克莱斯特魂魄*1
707,曼陀菲尔魂石箱,使用后获得曼陀菲尔魂魄*1
682,30元进阶礼包,原价700金币的礼包。使用获得统率书*4，空中支援*3，机动回避*3
709,布劳希奇魂石箱,使用后获得布劳希奇魂魄*1《
710,隆德施泰德魂石箱,使用后获得隆德施泰德魂魄*1
712,莫德尔魂石箱,使用后获得莫德尔魂魄*1
713,朱可夫魂石箱,使用后获得朱可夫魂魄*1
681,20元作战礼包,原价500金币的礼包。使用获得小型资源箱*1，荣誉勋章*5，小型能量盾*1，热核炸药*1
715,铁木辛哥魂石箱,使用后获得铁木辛哥魂魄*1《
716,叶廖缅科魂石箱,使用后获得叶廖缅科魂魄*1
717,科涅夫魂石箱,使用后获得科涅夫魂魄*1
718,罗科索夫斯基魂石箱,使用后获得罗科索夫斯基魂魄*1
719,图哈切夫斯基魂石箱,使用后获得图哈切夫斯基魂魄*1
680,10元启程礼包,原价300金币的礼包。使用获得四种重型坦克*10，五种小型资源开采*1
720,华西列夫斯基魂石箱,使用后获得华西列夫斯基魂魄*1K
721,安东诺夫魂石箱,使用后获得安东诺夫魂魄*1
723,马利诺夫斯基魂石箱,使用后获得马利诺夫斯基魂魄*1
724,巴顿魂石箱,使用后获得巴顿魂魄*1
678,200金币礼包,使用后获得200金币。《
725,艾森豪威尔魂石箱,使用后获得艾森豪威尔魂魄*1
726,麦克阿瑟魂石箱,使用后获得麦克阿瑟魂魄*1
727,布莱德雷魂石箱,使用后获得布莱德雷魂魄*1
4971,高级将领副官包,使用后可获得1名随机蓝色以上品阶副官《
3106,土鸡式采矿车,使用后获得'土鸡'式采矿车*1
5331,表情-面条泪,使用后可获得表情-面条泪*1，重复使用时会自动转化为金币×100。>
1305,咆哮礼包,使用后获得1000金币*1加速生产*1，加速前行*1，幸运币*2
861,高级晶体箱,打开获得高级晶体*1000
820,T-99,使用后获得T-99*1
6319,极光,使用后解锁间谍一极光的捕获任务
5552,2,**sample_prop_des_5552
6008,间谍一柚梦通缉令,使用后解锁间谍一柚梦的捕获任务。
6322,熔岩自行火炮[极地版]碎片,可用于兑换熔岩自行火炮[极地版]，此涂装仅在战斗中改变外观，兑换后多出的碎片可使用转换为涂装图纸×1。
886,巨炮大礼包,使用获得荣誉勋章*10，小型资源箱*1，热核炸药*1，轻型火箭车*10
5725,3型可选传奇碎末箱,每30个可立即合成3型可选传奇碎片箱
5877,传奇炮口随机箱,打开后，随机获取一个传奇炮口
5315,[碳纤版]涂装可选箱,使用后可选择获得[碳纤版]涂装*1
5772,传奇晶蓝火箭车部件随机箱,使用后，随机获得一件传奇品质，对应火箭车的晶蓝部件
1177,昂扬礼包,使用后获得先进碎片箱*2，初级将领经验书*10，统率书*3，突击虎*10
5941,11周年庆典头像,使用后可获得11周年庆典头像
5707,番茄培育所,使用后可立即获得番茄培育所建筑装扮，重复获得时会自动转化为强化图纸x50。
3340,新型2号先进碎片箱,使用后可选择获得先进品质的钨芯弹头，高爆弹头或者记忆合金碎片1个
5852,传奇弹药碎片指定箱,使用后，可选择获得一个传奇的弹药的碎片
6292,1-3号传奇A型组件碎末箱,30个碎末可合成1个1-3号位传奇A型组件碎片箱。
1066,指挥官礼包,使用后获得统率书*1、荣誉勋章*3、幸运币*3。
5585,足球狂欢头像框,使用后获得足球狂欢头像框
6345,蓝色秘宝碎片随机箱,打开随机获得蓝色秘宝碎片*1
5231,未来之城装扮,使用后可立即获得未来之城专属建筑装扮，重复获得时会自动转化为强化图纸x50
2102,配件运载箱,来自盟友的馈赠，存有珍贵的配件，需要运载箱秘钥方可打开。
4921,红汞弹头蓝图宝箱,使用后可选择获得一种红汞弹头的设计蓝图1个。
5039,新型普通坦克宝箱,使用后可获得一辆自选普通坦克
5604,红箭10涂装[厦日版]碎片,可用于兑换红箭10涂装[夏日版]，兑换后多出的碎片可使用转换为涂装图纸x1。
1309,畅游券礼包,"使用后获得2号先进碎片箱*1，名将魂石箱*10,体力药剂*3,改造工具箱*10"
5098,可选结晶Lv12,使用后可选择获得任意种类的12级结晶1
5224,威军徽碎片,可用于合成威军徽，20个碎片可合成完整军徽
1232,九九同心礼箱,使用后获得装甲作战学说*5，精锐勋章*20，金币*100
4993,万圣夜之城体验卡【30天】,使用后可立即获得万圣夜之城体验卡【30限时体验建筑装扮，该装扮无属性加天】成
3337,感恩之心,感恩的心，感谢有您！使用感恩之心可在活动中兑换各种稀有奖励！
1339,满载礼包,使用后获得装甲作战学说*10，万能碎片*1，加速生产*1
6030,正义同盟基地围墙永久版,使用后获得正义同盟基地围墙
290,加速礼包,使用后获得加速生产*5
670,海量资源箱,使用后获得铁矿*50m、石油*50m、铅矿*50m、钛矿*10m、水晶*10m
5955,军团货运杂货箱,未选为护送员的参与奖励，打开后，会随机获得一种奖励。
5614,72小时能源晶核加速,使用后可获得生产能源晶核72h加速道具*
1148,应用宝礼包,使用后获得统率书*1，迁徙令*1，轻型火箭车*20。
5055,涂装5折券,购买涂装T15-阿玛塔[机械版]时，享受5折优惠
5064,涂装1折券,购买涂装巨象自行火炮[迷彩版]时，享受1折优惠
948,伤害转移阵列,伤害转移阵列每种碎片各1个
887,神秘军需包,科技感十足的箱子，打开可获得稀有道具
5174,追击佩剑,【赖歇努】的专属武器精工道具
1101,兵戎礼包,使用后获得荣誉勋章*5，统率书*5，幸运币*3，金币*20，中型火箭车*15
532,复合装甲碎片,使用后获得坦克的复合装甲碎片
5867,史诗炮口随机箱(碎片）,10个碎片可以合成1个史诗炮口随机箱
3041,卡卢亚魂魄,使用后获得卡卢亚魂魄*1
6228,反熵能源晶体,负熵系统中升级全体能源道具
5202,改造图纸,用于改造建筑外观的星阶，提升外观通用属性加成。
4946,战机技能箱,使用后可获得随机橙色品质战机技能1个
1246,学说礼包,使用后获得装甲作战学说*15，地势作战学说*15，指挥体系学说*15，部队掌握学说*15
5915,箱,使用后，随机获得一个高级研究室的橙色设计图
5986,粉色辣妹,使用后解锁人物形象粉色辣妹，并解锁三个相关表情
5255,模块自选宝箱,使用后可选择获得模块（驾驶）、模块（指挥）、模块（装弹）、模块（射击）中的一种。
876,地质芯片,用于改装武装采矿车
3037,亚历克斯魂魄,使用后获得亚历克斯魂魄*1
851,VIP2免费礼包,VIP2免费礼包，内含中级将领经验书*20，统率书*3，荣誉勋章*10。
4998,未来之城体验卡【1天】,使用后可立即获得未来之城体验卡【1天限时体验建筑装扮，该装扮无属性加成
5639,蓝色能源晶核箱,打开后随机获得中级或高级能源晶核*1
6200,金枪鱼战车装扮永久版,使用后获得金枪鱼战车货运装扮。
830,异星晶核资源箱,使用后获得异星晶核资源箱*1000
5974,金蛇圣所皮肤碎片,可用于兑换金蛇圣所专属装扮，兑换后多出的碎片可使用转换为强化图纸x1。
5478,营救行动-火箭车头像,使用后可获得营救行动-火箭车头像*1，重复使用时会自动转化为金币×100。
3002,博克魂石箱,使用后获得博克魂魄*1
5339,灵感石,可用于涂装技术提升
5066,E,购买涂装寒霜火箭车[科技版]时，享受1折优惠
5516,银质龙币,使用后可获得1个银质龙币
1082,8级礼包,开启需要等级8。使用获得10级礼包*1，白银宝箱*1，荣誉勋章*10，重型火箭车*30
3202,竞技勋章*100,使用后获得竞技勋章*100
5737,3号位随机传奇碎末箱,每30个可立即合成3号位随机传奇碎片箱
1323,10级礼包,使用后获得小型资源箱*2，统率书*1，荣誉勋章*10，中型火箭车*5，金币*10
5805,稀有能动轮随机箱,使用后，可随机获得一件稀有的能动轮
5258,挥金如雨头像【7天】,使用后可获得挥金如雨头像【7天】*1
2016,配件运载箱,来自盟友的馈赠，存有珍贵的配件，需要运载箱秘钥方可打开。
6247,帕拉丁火炮[银河版］碎片,可用于兑换帕拉丁火炮[银河版］，此涂装仅在战斗中改变外观，兑换后多出的碎片可使用转换为涂装图纸×1。
5515,金质龙币,使用后可获得1个金质龙币
825,99式坦克,使用后获得99式坦克*1
5962,2024圣诞节礼包,开启后有概率获得圣诞袜、金色圣诞铃、红色圣诞球
5302,势力经验可选箱,使用后可选择获得中、美、德、俄势力经验*50
6323,寒霜火箭车[极地版]碎片,可用于兑换寒霜火箭车[极地版]，此涂装仅在战斗中改变外观，兑换后多出的碎片可使用转换为涂装图纸×1。
6017,仿生纳米,使用后获得仿生纳米*1，用于军装系统仿生聚能升级提供经验。
677,狂怒,兑换《狂怒》电影票《
784,韦维尔大魂石箱,使用后获得韦维尔魂魄*10
6239,2025糖果金币,可在活动商店中兑换高级商品
813,3号先进碎片箱,使用后随机获得先进品质的反应装甲或者仪表盘碎片
5663,紫色火炮目标打击,使用可以获得一个火炮目标打击紫色能源晶核>
5768,史诗晶蓝火箭车部件随机箱,使用后，随机获得一件史诗品质，对应火箭车的晶蓝部件
1096,圣诞狂欢节礼包,使用后获得幸运币*5，机动回避*1，黑豹自行火炮*20，复原图纸*1，零件*1000
5994,甜品头像,使用后获得甜品头像
6381,相位跃迁-30日版,使用后迁城特效可改变为相位跃迁，持续30天。>
5567,商业帝国建筑,使用后可立即获得商业帝国专属建筑装扮，重复获得时会自动转化为强化图纸x50。>
5778,史诗蜂黄歼击车部件随机箱,使用后，随机获得一件史诗品质，对应歼击车的蜂黄部件
4995,狂欢乐园体验卡【30天】,使用后可立即获得狂欢乐园体验卡【30天】限时体验建筑装扮，该装扮无属性加成>
1259,鸡动礼包,使用后获得极速前行*3，荣誉勋章*5，挖掘机*10
2128,配件运载箱,来自盟友的馈赠，存有珍贵的配件，需要运载箱秘钥方可打开。
3370,登录豪华礼包,使用后获得幸运币*2，荣誉勋章*2，少量铁锭*1，少量石油*1，少量铅矿*1，少量钛矿*1
5754,7号位可选传奇碎末箱,每30个可立即合成7号位可选传奇碎片箱
5350,功成名就头像,使用后可获得功成名就头像*1，重复使用时会自动转化为金币×100。
5251,中秋铭牌,使用之后可以获得中秋铭牌，重复使用时会自动转化为金币×100>
5428,擎天战盔碎片,可用于兑换擎天战盔专属装扮，兑换后多出的碎片可使用转换为强化图纸x1。
1221,黑鹰宝箱,使用后获得海量水晶*1，黑鹰*10》
3031,亚尔曼魂石箱,使用后获得亚尔曼魂魄*1
5603,巨象涂装[夏日版］碎片,可用于兑换巨象涂装[夏日版]，兑换后多出的碎片可使用转换为涂装图纸x1。
5212,10分钟通用加速,可用于：建造或升级、科技、生产或改造、战机革新
5825,史诗能动轮碎片随机箱,使用后，可随机获得一个史诗的能动轮的碎片
3347,特战坦克宝箱,使用之后可以随机获得一辆特战坦克
5899,箱,使用后，随机获得一个初级研究室的紫色设计图
1240,卸甲礼包,使用后获得加速前行*1，虎王坦克*3，工具箱*2
5148,脾睨天下装扮,使用后可立即获得脾天下专属建筑装扮，重复获得时会自动转化为强化图纸x50。
5289,减伤芯片川（橙）可选箱,使用后可选择获得专属减伤芯片川（橙）*1
1048,海豹礼包,使用后获得小型资源箱*1、中型保护盾*1、荣誉勋章*5、统率书*4、幸运币*3。
5467,原野斗士,使用后可立即获得形象-原野斗士
5347,1、2号位先进配件可选箱,使用后可选择获得先进品质的陶瓷装甲，炮口制退器或者发射制退器1个
865,虎式坦克,使用后获得虎式坦克*1
6048,星澜翼舰货运装扮-30天,使用后，获得星澜翼舰货运装扮，持续30天
6025,2025劳动头像框,使用后获得2025劳动头像框
5763,精良晶蓝部件随机箱,使用后，随机获得一件精良品质的晶蓝部件
6094,完美自行火炮-烟雾弹技能箱,战机技能箱，使用后获得1个橙色品质的自行火炮-烟雾弹技能
1137,阖家欢乐宝箱,使用后获得统率书*5，荣誉勋章*10，热核炸药*3，金币*100
911,体力药剂,使用获得5点体力
5133,王者圣殿装扮【15天有效】,使用后可获得王者圣殿专属建筑装扮1个，15天有效。
733,斯利姆魂石箱,使用后获得斯利姆魂魄*1
5281,减伤芯片川（紫）可选箱,使用后可选择获得专属减伤芯片川（紫）*1
5537,幽灵军徽碎片,★★★★可用于合成幽灵军徽，20个碎片可合成完整军徽
809,2号精良碎片箱,使用后随机获得精良品质的钨芯弹头，高爆弹头或者记忆合金碎片1个
5862,史诗弹药随机箱,打开后，随机获取一个史诗弹药
1142,六六大顺宝箱,使用后获得演习令*5，空中支援*1，斗狼歼击车*1，金币*100
5827,史诗炮口碎片指定箱,使用后，可选择获得一个史诗的炮口的碎片
1067,重型礼包,使用后获得重型坦克*2、重型歼击车*2、重型自行火炮*2、重型火箭车*2
4849,仪表盘新型先进箱,仪表盘可选先进箱
5184,approval,用于更换联合主势力，可在势力主界面使用
2115,配件运载箱,来自盟友的馈赠，存有珍贵的配件，需要运载箱秘钥方可打开。
5093,1000巅峰经验,使用后可获得巅峰战略经验X1000。
2078,配件运载箱,来自盟友的馈赠，存有珍贵的配件，需要运载箱秘钥方可打开。
2073,配件运载箱,来自盟友的馈赠，存有珍贵的配件，需要运载箱秘钥方可打开。
6050,冰棒,在夏日指针活动中抽中普通奖励时获得，用于兑换活动商店的商品
5564,装扮可选箱！,选择获取一件装扮
6343,绿色秘宝碎片随机箱,打开随机获得绿色秘宝碎片*1
6000,白银船锚,用于活动商店中兑换物品
1324,15级礼包,使用后获得小型资源箱*3，统率书*2，荣誉勋章*20，迁徙令*2，中型火箭车*20
6371,2026力量金币,用于在2026欢庆五一节日商店中兑换高级奖励。
1321,每日礼包,使用后获得荣誉勋章*5，幸运币*2，少量钛矿*1
519,复合装甲,使用后获得自行火炮的复合装甲
1063,六等奖礼包,使用后获得荣誉勋章*5、统率书*2。
2006,配件运载箱,来自盟友的馈赠，存有珍贵的配件，需要运载箱秘钥方可打开。
5145,先进将领副官可选包,使用之后可选择获得一个紫色副官
6220,2025伐木活动礼包,有概率获得高级货币、普通货币和破影石
1349,微量中资源箱,使用后可获得铁、钛矿、铅、水晶、石油各500
4828,1号究极碎片箱,使用后随机获得究极品质的陶瓷装甲碎片、炮口制退器、发射制退器碎片1个。
5799,稀有舱盖随机箱,使用后，可随机获得一件稀有的舱盖
2125,配件运载箱,来自盟友的馈赠，存有珍贵的配件，需要运载箱秘钥方可打开。
4858,复合装甲新型尖端箱,复合装甲可选尖端箱
869,异星晶核箱,使用后获得异星晶核*100
1249,开心礼包,使用后获得精锐勋章*2，配件改造包*1，小型保护盾*1，荣誉勋章*3
5667,战塔科技材料可选箱,打开可选择获得一种战塔科技晶体
6260,美势力铭牌,使用之后可以获得美势力铭牌，重复使用时会自动转化为金币×100。
6318,回声,使用后解锁间谍-回声的捕获任务
5652,橙色分布提升2型,使用可以获得一个分布提升橙色能源晶核
1003,3号芯片匣,使用随机获得1种改装芯片（迷彩，电磁，腐蚀，地质）
5954,军团货运票据,用于贸易货运玩法，发起军团货运所消耗道具，每日0点系统会赠送给军团。
5340,普通天赋,可用于涂装技术提升，概率提升3%
4980,白金勋章,用于将领副官升级
5127,冲击AI箱,使用之后可以获得一个冲击A，重复获得时会自动转化为相应部队的碎片。
5028,联合军演究极奖励箱,使用后获得战火纷飞·高阶（7天）*1，迷彩框·高阶（7天）*1，迷彩气泡（7天）*1
5668,特级将领副官包,使用之后可以随机获得一个橙色副官
782,蒙哥马利大魂石箱,使用后获得蒙哥马利魂魄*10
5869,史诗舱盖随机箱（碎片）,10个碎片可以合成1个史诗舱盖随机箱
5182,元旦活力雪人头像框,使用之后可以获得元旦活力雪人头像框，重复使用时会自动转化为金币x100。
5420,世界争霸积分,使用后可获得1点世界争霸积分
6285,保养部队矩阵精华,保养部队矩阵突破至红色所需的材料
946,统帅佩剑,【维茨勒本】的专属武器精工道具！
5794,传奇翠绿歼击车部件随机箱,使用后，随机获得一件传奇品质，对应歼击车的翠绿部件
912,免战牌,使用后超级武器蓝图不会被抢夺，持续2小时
5945,厂房资源可选箱,打开后，可选择获得一种厂房所需资源
5423,球场硬汉头像,使用后可获得球场硬汉头像*1，重复使用时会自动转化为金币×100。
1114,东行礼包,使用后获得幸运币*3，统率书*2，荣誉勋章*5，重型歼击车*10
6076,狂沙翼虎,使用后获得狂沙翼虎基地皮肤
5638,绿色能源晶核箱,打开后随机获得初级或中级能源晶核*1
1292,循环打击,使用后获得高级迁徙令*2，海量钛矿*1，金币*50
5918,传奇部件碎片可选箱,使用后可选择获得任意1个传奇（红色）部件碎片
5440,花嫁殿堂碎片,可用于兑换花嫁殿堂专属装扮，兑换后多出的碎片可使用转换为强化图纸x1。
783,斯利姆大魂石箱,使用后获得斯利姆魂魄*10
6059,焰狱天启-3日版,使用后，名片背景改变为焰狱天启，持续3天
5766,史诗晶蓝歼击车部件随机箱,使用后，随机获得一件史诗品质，对应歼击车的晶蓝部件
5661,紫色歼击车威力,使用可以获得一个歼击车威力紫色能源晶核
5036,坦克军令箱,使用后可随机开出万能碎片、50辆荣耀特战坦克等珍贵道具
739,铁托魂石箱,使用后获得铁托魂魄*1
3032,坦小云魂石箱,使用后获得坦小云魂魄*1
5306,自由佩剑,【克拉克】的专属武器精工道具
5457,童心未泯装扮,使用后可立即获得童心未泯专属建筑装扮，重复获得时会自动转化为强化图纸x50。
1130,五福临门礼包,使用后获得加速生产*1，空中支援*1，荣誉勋章*5，迁徙令*2，演习令*3
5141,传奇领域装扮,使用后可立即获得传奇领地专属建筑装扮，重复获得时会自动转化为强化图纸x50。
5309,雪人小屋装扮,使用后可立即获得雪人小屋专属建筑装扮，重复获得时会自动转化为强化图纸x50。
5655,橙色火箭车劣势反杀,使用可以获得一个火箭车劣势反杀橙色能源晶核
1306,幸运大奖,使用后获得先进配件箱*1，海量水晶*10，豹式坦克*10
4974,圣诞宫殿,使用后可立即获得圣诞宫殿装扮，重复使用时会自动转化为强化图纸x50。
885,高级战术礼包,使用获得中型资源箱*1，荣誉勋章包*1，加速生产*3，豹式坦克*100
5218,24小时通用加速,可用于：建造或升级、科技、生产或改造、战机革新
6099,海洋研究所,使用后可立即获得海洋研究所专属建筑装扮，重复获得时会自动转化为强化图纸x50
5657,橙色护盾,使用可以获得一个护盾橙色能源晶核
1291,远程制导,使用后获得名将魂石箱*10，高级将领经验书*10，热核炸药*10
5275,精准芯片（紫）可选箱,使用后可选择获得专属精准芯片（紫）*1
1222,尊享宝箱,使用后获得海量水晶*1，海量钛矿*1，T-90*10，黑鹰*10
5948,感恩火鸡货运装扮,使用后，获得感恩火鸡货运装扮（陆地）
1252,血气礼包,使用后获得迁徙令*1，聚变核芯*5，导航核芯*5，幸运币*10
5520,女神花瓣基地围墙,使用后可获得女神花瓣基地围墙
5703,月饼制造厂皮肤碎片,可用于兑换月饼制造厂专属装扮，兑换后多出的碎片可使用转换为强化图纸x1。
5675,七夕头像,使用后获得七夕头像
5161,稀有全体-反制技能箱,战机技能箱，使用后获得1个紫色品质的全体-反制技能
4836,1号究极碎末箱,每30个可立即合成1个1号究极碎片箱（随机)。
5435,战场-圣诞惊喜,使用后可立即获得战场-圣诞惊喜
2117,配件运载箱,来自盟友的馈赠，存有珍贵的配件，需要运载箱秘钥方可打开。
5750,6号位可选传奇碎末箱,每30个可立即合成6号位可选传奇碎片箱
2099,配件运载箱,来自盟友的馈赠，存有珍贵的配件，需要运载箱秘钥方可打开。
1326,30级礼包,使用后获得中型资源箱*6，统率书*5，荣誉勋章*50，加速生产*3，重型火箭车*40
5666,战塔科技材料随机箱,打开可随机获得一种战塔科技升级材料。
6315,守望者法典,【莉莉安】的专属武器精工道具！
3038,米尔斯魂魄,使用后获得米尔斯魂魄*1
760,隆德施泰德大魂石箱,使用后获得隆德施泰德魂魄*10
5470,星舰中枢装扮,使用后可立即获得星舰中枢专属建筑装扮，重复获得时会自动转化为强化图纸x50。
5126,弹药,可在叛军宝库活动中使用
5629,紫色坦克反击秘籍,使用可以解锁紫色能源晶核坦克反击的制作功能
5143,欢乐汇头像框,使用后可获得欢乐汇头像框，重复使用时会自动转化为金币×100。
929,神秘矿物集装箱,使用获得神秘矿物*200
6296,1-3号传奇C型组件碎末箱,30个碎末可合成1个1-3号位传奇C型组件碎片箱。
5284,闪避芯片（橙）可选箱,使用后可选择获得专属闪避芯片（橙）*1
1080,3级礼包,开启需要等级3。使用获得5级礼包*1，青铜宝箱*1，统率书*3
1337,黑洞装甲,使用后获得改造工具箱*25，名将魂石箱20，统率书*10，暴击结晶Lv.4*1
2107,配件运载箱,来自盟友的馈赠，存有珍贵的配件，需要运载箱秘钥方可打开。
5865,史诗能动轮随机箱,打开后，随机获取一个史诗能动轮
6233,鎏金盛典-3日版,使用后迁城特效将改变为鎏金盛典，持续3天
4997,圣诞宫殿体验卡【30天】,使用后可立即获得圣诞宫殿体验卡【30天】限时体验建筑装扮，该装扮无属性加成
5253,都市花园装扮,使用后可立即获得都市花园专属建筑装扮，重复获得时会自动转化为强化图纸x50。
6336,青竹灯,翠竹为骨，素绸为面，散发淡淡草木清香。
3305,间谍卫星,使用后获得一位玩家当前某支正在采集的部队位置
5812,稀有弹药指定箱,使用后，可选择获得一件稀有的弹药
5046,军令币,使用后立即获得1个军令币
1064,七等奖礼包,使用后获得荣誉勋章*5。
5502,普通龙年礼包,使用后可随机获得礼包中的一种奖励。
505,火控装置,使用后获得坦克的火控装置
786,曼纳海姆大魂石箱,使用后获得曼纳海姆魂魄*10
6222,月隐灵鹿碎片,可用于兑换月隐灵鹿专属装扮，兑换后多出的碎片可使用转换为强化图纸x1。
5446,领袖传记紫色自选箱,使用之后可选择获得一个紫色领袖传记
2019,配件运载箱,来自盟友的馈赠，存有珍贵的配件，需要运载箱秘钥方可打开。
6357,清风迎春-30日版,使用后获得清风迎春名片，持续30天
3327,檀香,使用后可以获得少量资源，可从赏月行动任务中获得。
1267,正义追击,使用后获得加速生产*1，荣誉勋章*5，初级将领经验书*10，虎王坦克*20
2043,配件运载箱,来自盟友的馈赠，存有珍贵的配件，需要运载箱秘钥方可打开。
1271,勇士礼包,使用后获得万能碎片*2，卡夫卡的先进配件箱*1，红箭-10*300，金币*500
4976,先进特战坦克集装箱,使用之后可以选择获得50辆先进特战坦克
4982,可选结晶Lv9,使用后可获得自选种类的9级结晶1个
5276,闪避芯片（紫）可选箱,使用后可选择获得专属闪避芯片（紫）*1
5843,传奇照明碎片随机箱,使用后，可随机获得一个传奇的照明的碎片
6056,Lv12可选结晶,使用后可选择获得任意种类的12级结晶1
617,部队编组学说,用于将领技能升级
6301,2025红棉球,用于2025圣诞节活动中，节日商店中兑换奖励
1021,好评礼包,使用后获得金币*100、荣誉勋章*3、幸运币*3、加速生产*1
3105,武装采矿车,使用后获得武装采矿车*1
6068,远航者飞艇装扮7日版,使用后获得远航者飞艇装扮，持续7天
1275,回归大礼包,使用后获得红箭-8*300，金币*500，麦克阿瑟的魂魄*300，装备EXP*500
5970,金蛇币,用于金蛇迎春活动组，金蛇商店兑换奖励
5677,爱意环绕,用后获得爱意环绕基地围墙
5043,特权密匙,获得后激活特权：配件强化成功几率额外+10%
613,作战支撑学说,用于将领技能升级
2026,配件运载箱,来自盟友的馈赠，存有珍贵的配件，需要运载箱秘钥方可打开。
931,国庆神秘礼包,使用获得谢尔曼*20、萤火虫*20、润滑剂*50
4972,攻击结晶Lv.8,使用后获得1个8级攻击结晶：攻击+120%
1016,尊享礼包,使用后获得精良配件箱*1，统率书*6，荣誉勋章*30，重型坦克*30
4994,狂欢乐园体验卡【7天】,使用后可立即获得狂欢乐园体验卡【7天】限时体验建筑装扮，该装扮无属性加成
5494,旋转圣诞树,使用后获得旋转圣诞树基地围墙
1156,周年庆科研礼包,使用后获得加速生产*1，空中支援*2，冰電火箭车*10
1053,豹式坦克礼包,使用后获得豹式坦克*20。
5622,橙色护盾补籍,使用可以解锁橙色能源晶核护盾的制作功能
1051,中级战车礼包,使用后获得中型坦克*100、中型歼击车*90、中型自行火炮*80、中型火箭车*60。
6072,所有形象包 （测试用）,**sample_prop_des_6072
862,进阶晶体箱,打开获得进阶晶体*1000
5819,史诗舱盖碎片随机箱,使用后，可随机获得一个史诗的舱盖的碎片
2050,配件运载箱,来自盟友的馈赠，存有珍贵的配件，需要运载箱秘钥方可打开。
5972,金蛇礼盒,有概率获得金蛇币、银蛇币，破译标记
5078,完美电磁锁定技能箱,战机技能箱，使用后获得1个橙色品质的电磁锁定技能
6361,星云掠夺者飞艇装扮30日版,使用后获得星云掠夺者飞艇装扮，持续30天
5436,兔年迎福头像,使用后可获得免年迎福头像*1，重复使用时会自动转化为金币×100。
5031,发射基地装扮【7天有效】,使用后可获得发射基地专属建筑装扮1个，有效期7天。
6307,冒险银币,用于在2026元旦活动中兑换奖励。
3315,VIP黄金宝箱,使用获得中型钛矿开采*1，并有几率开出紫色配件，万能碎片，资源和珍贵道具
3352,3号尖端碎片箱,使用后随机获得尖端品质的反应装甲或者仪表盘碎片1个
1091,光棍礼包,使用后获得统率书*3、幸运币*2、迁徙令*2
6092,完美坦克-烟雾弹技能箱,战机技能箱，使用后获得1个橙色品质的坦克-烟雾弹技能
5738,3号位可选传奇碎末箱,每30个可立即合成3号位可选传奇碎片箱
5715,1型可选传奇碎片箱,打开后可以选择获取任意1、2号位的传奇配件碎片
6320,鼠王坦克[极地版]碎片,可用于兑换鼠王坦克[极地版]，此涂装仅在战斗中改变外观，兑换后多出的碎片可使用转换为涂装图纸×1。
5584,绿荫足球头像,使用后获得绿荫足球头像
1360,钻石精致坦克宝箱,使用后随机获得究极特战坦克一辆。
954,超级计算机,超级计算机每种碎片各1个
1274,VIP军需大礼包,使用后获得中级将领经验书*25，装甲作战学说*10，统率书*10，纳米元件*5000
3201,远征积分*100,使用后获得远征积分*100
425,大型能量盾I,降低敌方部队的伤害30%，持续24小时
839,VIP1超值礼包,VIP1超值礼包，内含幸运币*2，小型保护盾*
5696,仿生星光-永久,使用后获得仿生星光基地围墙
5318,虎啸春临装扮,使用后可立即获得虎啸春临专属建筑装扮，重复获得时会自动转化为强化图纸x50。
6054,水晶爱意,使用后获得水晶爱意头像
5960,金色圣诞铃,用于欢乐圣诞活动组中的商店兑换
5728,1号位可选传奇碎片箱,打开后可以选择获取任意1号位的传奇配件碎片
5472,X3,可用刺激探宝获得3倍奖励
5040,特权密匙,获得后激活特权：攻打关卡时，阵亡坦克全部进入修理厂
5688,橙色手枪军装随机箱,打开后可以随机获取橙色手枪一件
6393,积木金币,可用于2026儿童节活动中，活动集市兑换高级奖励
5670,金玫瑰,用于甜蜜七夕节活动组，甜蜜商店兑换奖励
5811,稀有轮子指定箱,使用后，可选择获得一件稀有的轮子
6400,斗狼歼击车[恶魔版]碎片,可用于兑换斗狼歼击车[恶魔版]涂装，兑换后多出的碎片可使用转换为涂装图纸x1
765,铁木辛哥大魂石箱,使用后获得铁木辛哥魂魄*10
5942,11周年头像框,使用后可获得11周年庆典头像框
807,1号先进碎片箱,使用后随机获得先进品质的陶瓷装甲，炮口制退器或者发射制退器碎片1个
5920,称号-利剑中将,使用后获得利剑中将称号
6032,荣誉钞票,可在荣誉对决商店购买道具。
3035,埃里克魂魄,使用后获得埃里克魂魄*1
6231,迁徙之辉-30日版,使用后迁城特效将改变为迁徙之辉，持续30天
5800,稀有装甲随机箱,使用后，可随机获得一件稀有的装甲
6202,金枪鱼战车装扮30日版,使用后获得金枪鱼战车货运装扮，持续30天。
5237,摧坚陷阵,使用后获得摧坚陷阵【15天】头像框
5180,元旦绅士雪人头像框,使用之后可以获得元旦绅士雪人头像框，重复使用时会自动转化为金币x100。
5099,雪夜头像框,使用后可获得雪夜头像框，重复使用时会自动转化为金币×100。
4854,记忆合金新型尖端箱,记忆合金可选尖端箱
6084,完美隐身涂装技能箱,战机技能箱，使用后获得1个橙色品质的隐身涂装技能
6255,绿荫球场基地皮肤,使用后可立即获得绿荫球场专属建筑装扮，重复获得时会自动转化为强化图纸x50。
923,随机结晶Lv9,随机能量结晶Lv9
1135,喜气羊羊礼包,使用后获得猛虎歼击车*10，天启坦克*10，尖啸者火箭车*10，黑豹自行火炮*10
4619,新型恐惧技能箱,战机技能箱，使用后可选择获得任意1个紫色品质的恐惧技能
1198,应用宝30级礼包,使用后获得小型资源箱*10，统率书*5，荣誉勋章*50，热核炸药*5，重型火箭车*30
5980,一朵玫瑰,用于浪漫情人活动组，浪漫商店兑换奖励
5594,游园金币,可以在商店中兑换道具
5324,普通核心,可用于升级基础战略特殊技能等级
5070,涂装1折券,购买涂装T34E2火箭车[未来版]时，享受1折优惠
6105,秋季版涂装碎片可选箱,使用后可选择获得1个虎川式涂装[秋季版】碎片、脉冲坦克涂装[秋季版]碎片、熔岩自行火炮涂装[秋季版]碎片、寒霜火箭车涂装[秋季版]碎片
4968,新春金尊框,新春聚惠一等奖专属头像框，获得后永久有效。
5047,尖端特战坦克宝箱,使用后可以随机获得一辆尖端特战坦克
1037,先锋礼包,使用后获得T-90*2、统率书*1、零件*200、金币*50。
5290,减伤芯片IV（橙）可选箱,使用后可选择获得专属减伤芯片IV（橙）*1
5648,橙色先手威力能源晶核,使用后获得一个橙色先手威力能源晶核
5893,传奇照明随机箱（碎片）,20个碎片可以合成1个传奇照明随机箱
676,天启四骑士,使用后获得天启坦克*20，猛虎歼击车*20，黑豹自行火炮*20，尖啸者火箭车*20
5575,2024劳动银币,使用后可获得1个2024劳动银币
5861,史诗轮子随机箱,打开后，随机获取一个史诗轮子
1256,陨星礼包,使用后获得精锐勋章*200，异星晶核*1000，异星晶岩*1000，润滑剂*100
5669,特级将领副官可选包,使用之后可选择获得一个橙色副官
5466,巾帼玫瑰,使用后可立即获得形象-巾帼玫瑰
5770,传奇晶蓝歼击车部件随机箱,使用后，随机获得一件传奇品质，对应歼击车的晶蓝部件
6321,脉冲坦克[极地版]碎片,可用于兑换脉冲坦克[极地版]，此涂装仅在战斗中改变外观，兑换后多出的碎片可使用转换为涂装图纸×1。
5871,史诗轮子随机箱（碎片）,10个碎片可以合成1个史诗轮子随机箱
4948,尖端坦克宝箱,使用后随机获得尖端坦克一辆。
5167,完美全体-空袭技能箱,战机技能箱，使用后获得1个橙色品质的全体-空袭技能
6275,十二周年庆头像,使用后获得十二周年庆头像。
5096,新型名将魂魄箱,使用后可选择获得亚尔曼_魂魄或坦小云_魂魄1个
971,美国科技能量,为配件搭载美国科技时的消耗材料
5272,机械零件,联合国体系进修道具
6358,花殿春庭,使用后可立即获得花殿春庭专属建筑装扮，重复获得时会自动转化为强化图纸x50。
5508,特战橙色军装自选箱,使用后可选择获取一件橙色特战军装
6269,生物定位仪,使用后可在鱼钩回收时看到4、5星鱼类的位置和距离
5501,2024新年礼盒,使用后可随机获得礼盒中的一种奖励。
1216,装甲宝箱,使用后获得加速生产*1，荣誉勋章*5，幸运币*5，重型火箭车*15
2083,配件运载箱,来自盟友的馈赠，存有珍贵的配件，需要运载箱秘钥方可打开。
5720,2型随机传奇碎末箱,每30个可立即合成2型随机传奇碎片箱
1331,罗盘礼包,使用后获得2号先进碎片箱*1，磁暴坦克*15，击破结晶Lv.2*1
6402,怒狮火箭车[恶魔版]碎片,可用于兑换怒狮火箭车[恶魔版】涂装，兑换后多出的碎片可使用转换为涂装图纸x1
5717,3型可选传奇碎片箱,打开后可以选择获取任意5、6号位的传奇配件碎片
942,征服权杖,【凯特尔】的专属武器精工道具！
2127,配件运载箱,来自盟友的馈赠，存有珍贵的配件，需要运载箱秘钥方可打开。
5609,威望级能源晶核包,使用后可获得1个紫色能源晶核
5723,1型可选传奇碎末箱,每30个可立即合成1型可选传奇碎片箱
5337,阿玛塔涂装[雨林版］碎片,可用于兑换阿玛塔涂装[雨林版]，兑换后多出的碎片可使用转换为涂装图纸x1。
5951,罗马巨帆货运装扮,使用后，获得罗马巨帆货运装扮（海洋）
952,多层纳米装甲,多层纳米装甲每种碎片各1个
5816,稀有雷达指定箱,使用后，可选择获得一件稀有的雷达
4827,4号尖端碎末箱,每30个可立即合成1个4号尖端碎片箱（随机)。
5200,战斗飞艇稀有零件箱,使用后随机获得紫色品质及以下的TAWR飞艇稀有零件*1
6044,皇家战舰货运装扮-7天,使用后，获得皇家战舰货运装扮，持续7天
5230,迷雾城设计图,可在迷雾城活动中兑换奖励
4978,究极特战坦克集装箱,使用之后可以选择获得50辆究极特战坦克
5538,急速军徽碎片,★★★★可用于合成急速军徽，20个碎片可合成完整军徽
940,决策指挥刀,【沙波什尼科夫】的专属武器精工道具！
5598,儿童乐园皮肤碎片,可用于兑换儿童乐园专属装扮，兑换后多出的碎片可使用转换为强化图纸x1。
6309,黑曜长剑,【阿德勒】的专属武器精工道具！
2008,配件运载箱,来自盟友的馈赠，存有珍贵的配件，需要运载箱秘钥方可打开。
5841,传奇轮子碎片随机箱,使用后，可随机获得一个传奇的轮子的碎片
6082,福利装扮兑换券,用于福利装扮活动兑换道具
5073,5折涂装折扣券可选箱,使用后可获得1张自选涂装5折券
5822,史诗弹药碎片随机箱,使用后，可随机获得一个史诗的弹药的碎片
5051,涂装5折券,购买涂装小飞象[科技版】时，享受5折优惠
1004,3号芯片匣,使用随机获得1种改装芯片（迷彩，电磁，腐蚀，地质）
895,称号礼包,打开后可获得不给糖果就捣蛋专属称号：捣蛋专家
5342,稀有天赋,可用于涂装技术提升，概率提升9%
1007,未鉴定的科技能量,使用并鉴定后，可以随机获得一个科技能量
543,复合装甲碎片,使用后获得歼击车的复合装甲碎片
844,VIP6超值礼包,VIP6超值礼包，内含部队掌握学说*10，中级将领经验书*5，初级指挥心得*20。
3320,随机先进坦克,随机获得先进坦克一辆
1353,T34E2火箭车,使用后获得T34E2火箭车*1
1122,大吉大利礼包,使用后获得幸运币*3，荣誉勋章*3，统率书*1，重型坦克*3
5455,坦克研发中心精品随机箱,使用后随机获得1种坦克研发所需材料
5210,中级模拟仪,可用于兑换已解锁的AI中级部队
6324,踏浪行宫,使用后可立即获得踏浪行宫专属建筑装扮，重复获得时会自动转化为强化图纸x50。
1102,赤地礼包,使用后获得荣誉勋章*10，统率书*2，幸运币*5，金币*30，中型火箭车*15
1228,五福临门礼箱,使用后获得精锐勋章*30，虎王坦克*1，金币*100
5831,史诗轮子碎片指定箱,使用后，可选择获得一个史诗的轮子的碎片
1242,速战礼包,使用后获得高级将领经验书*5，统率书*6，荣誉勋章*30，加速生产*1
828,异星晶尘资源箱,使用后获得异星晶尘资源箱*1000
5820,史诗装甲碎片随机箱,使用后，可随机获得一个史诗的装甲的碎片
5837,传奇炮口碎片随机箱,使用后，可随机获得一个传奇的炮口的碎片
1269,潜伏礼包,使用后获得命中提升*5，闪避提升*5，暴击提升*5，装甲提升*5
6086,完美坦克-战痕技能箱,战机技能箱，使用后获得1个橙色品质的坦克-战痕技能
4989,初级心得选择箱,使用后可获得1个自选初级心得
6058,炽能晶芒-30日版,使用后，名片背景改变为炽能晶芒，持续30天
5574,2024劳动金币,使用后可获得1个2024劳动金币
1320,军团支援礼包,使用后获得空中支援*10，机动回避*10，金币*100
5815,稀有能动轮指定箱,使用后，可选择获得一件稀有的能动轮
6348,紫色秘宝碎片自选箱,打开选择获得紫色秘宝碎片*1
2041,配件运载箱,来自盟友的馈赠，存有珍贵的配件，需要运载箱秘钥方可打开。
6391,擎天战车货运装扮-7天,使用后，获得擎天战车货运装扮，持续7天
959,高级心得包,使用随机获得1种高级心得
2092,配件运载箱,来自盟友的馈赠，存有珍贵的配件，需要运载箱秘钥方可打开。
1159,周年庆星光礼包,使用后获得中级将领经验书*5，精锐勋章*4，统率书*3，加速前行*2
1355,新型荣耀特战坦克宝箱,使用之后可以选择获得一辆荣耀特战坦克
6273,海钓银币,十二周年庆活动商店使用的货币，用于兑换奖励。
5878,传奇炮管随机箱,打开后，随机获取一个传奇炮管
2045,配件运载箱,来自盟友的馈赠，存有珍贵的配件，需要运载箱秘钥方可打开。
5626,紫色歼击车威力秘籍,使用可以解锁紫色能源晶核歼击车威力的制作功能
6023,罗马纷争碎片,使用后可立即获得罗马纷争专属建筑装扮，重复获得时会自动转化为强化图纸x50
5777,史诗蜂黄坦克部件随机箱,使用后，随机获得一件史诗品质，对应坦克的蜂黄部件
5042,特权密匙,获得后激活特权：关卡战斗获得的基础经验增加10%
811,3号普通碎片箱,使用后随机获得普通品质的反应装甲或者仪表盘碎片
1206,先机宝箱,使用后获得荣誉勋章*3，统率书*2，幸运币*5，重型火箭车*20，金币*20
529,火控装置,使用后获得火箭车的火控装置
5671,银玫瑰,用于甜蜜七夕节活动组，甜蜜商店兑换奖励
5095,量子束AI箱,使用之后可以获得一个量子束A，重复获得时会自动转化为相应部队的碎片。
6302,2025圣诞节礼包,使用后有概率获得2025金铃铛、2025红棉球、圣诞袜
5919,称号-利剑大将,使用后获得利剑大将称号
975,特级产量增加,占领期间该军团成员基地资源增加基础产量200%，持续24小时
655,专家暴击心得,用于将领技能升级
5113,干扰芯片,用于改装赤炎系列自行火炮
1251,挥师礼包,使用后获得统率书*2，精锐勋章*1，沙暴火箭车*5
868,异星晶岩箱,使用后获得异星晶岩*1000
5656,橙色火炮目标打击,使用可以获得一个火炮目标打击橙色能源晶核
1136,应用宝礼包,使用后获得统率书*1，小型能量盾*1，轻型火箭车*20。
1310,暖冬礼包,使用后获得金币*100，中级决战心得*5，稳定剂*100
5426,战场-九周年庆典,使用后可立即获得战场-九周年庆典
5171,完美全体-偷袭技能箱,战机技能箱，使用后获得1个橙色品质的全体-偷袭技能
6100,海洋研究所碎片,可用于兑换海洋研究所专属装扮，兑换后多出的碎片可使用转换为强化图纸×1。
6212,啤酒马车装扮永久版,使用后获得啤酒马车货运装扮。
1325,20级礼包,使用后获得中型资源箱*3，统率书*3，荣誉勋章*30，重型火箭车*30，金币*10
4846,记忆合金新型先进箱,记忆合金可选先进箱
5548,猎鹰军徽碎片,★★★★★可用于合成猎鹰军徽，20个碎片可合成完整军徽
6083,完美红外干扰技能箱,战机技能箱，使用后获得1个橙色品质的红外干扰技能
1077,封测豪华礼包,使用后获得金币*200、精良配件箱*1、荣誉勋章*50。
6263,稀有部件可选箱,使用后可选择获得任意1个稀有（紫色）部件
818,名将魂石箱,使用后随机获得知名将领魂魄*1。
5058,涂装5折券,购买涂装T34E2火箭车[未来版]时，享受5折优惠
6073,金块,你这次的酬劳是全部的百分之一'，用于飞鹰计划商店中兑换精品货物
6244,飞沙走石基地围墙,使用后可获得飞沙走石基地围墙。
841,VIP3超值礼包,VIP3超值礼包，内含热核炸药*2，小型能量盾*2，精锐勋章*10。
5928,尖叫小屋皮肤碎片,可用于兑换尖叫小屋专属装扮，兑换后多出的碎片可使用转换为强化图纸x1。
5756,8号位可选传奇碎片箱,打开后可以选择获取任意8号位的传奇配件碎片
1124,福气安康礼包,使用后获得荣誉勋章*5，幸运币*2，冰電火箭车*5
6338,墨梅灯,精雕木架配红梅，烛影摇曳间尽显古韵。
5879,传奇舱盖随机箱,打开后，随机获取一个传奇舱盖
5165,稀有全体-无畏技能箱,战机技能箱，使用后获得1个紫色品质的全体-无畏技能
6374,基建狂兔,使用后可获得基建狂兔专属建筑装扮，重复获得时会自动转化为强化图纸x50。
5627,紫色火箭车劣势反杀秘籍,使用可以解锁紫色能源晶核火箭车劣势反杀的制作功能
5791,史诗翠绿火炮部件随机箱,使用后，随机获得一件史诗品质，对应火炮的翠绿部件
1129,四季平安礼包,使用后获得重型火箭车*5，重型坦克*5，重型自行火炮*5，重型歼击车*5
1107,双“蛋”礼包,使用后获得精锐勋章*10，统率书*2，电钻*20
2064,配件运载箱,来自盟友的馈赠，存有珍贵的配件，需要运载箱秘钥方可打开。
5555,金星改造军徽碎片,★★★★★可用于合成金星改造军徽，20个碎片可合成完整军徽
1241,勇者礼包,使用后获得将领魂石箱*10，统率书*6，中级将领经验书*5
6063,动态头像2-3日版,使用后，头像改变为动态头像2，持续3天
771,安东诺夫大魂石箱,使用后获得安东诺夫魂魄*10
854,VIP5免费礼包,VIP5免费礼包，内含艾森豪威尔魂魄*30，统率书*10，荣誉勋章*20。
5235,历练币,通过[历练对决]活动获得，可在[历练对决门兑换商店中使用
6009,威赫权杖,【米勒】和【利柏特】的专属武器精工道具！
2111,配件运载箱,来自盟友的馈赠，存有珍贵的配件，需要运载箱秘钥方可打开。
5123,最强,使用之后可以获得巅峰最强称号，重复使用时会自动转化为金币x100。
2032,配件运载箱,来自盟友的馈赠，存有珍贵的配件，需要运载箱秘钥方可打开。
5159,进阶革新精要,可用于升级战机革新进阶技能
5758,8号位可选传奇碎末箱,每30个可立即合成8号位可选传奇碎片箱
6268,高级放线器,使用后可额外增加2次鱼钩保护次数
5724,2型可选传奇碎末箱,每30个可立即合成2型可选传奇碎片箱
730,戴高乐魂石箱,使用后获得戴高乐魂魄*1
5185,牛运亨通装扮,使用后可立即获得牛运亨通专属建筑装扮，重复获得时会自动转化为强化图纸
3309,狼穴军需箱,使用之后很大几率获得稀有的进阶荣誉勋章或其他珍奇道具。
1074,评价礼包,使用后获得热核炸药*1、统率书*2、荣誉勋章*5、迁徙令*1、加速前行*1
1035,胜利礼包,使用后获得统率书*1，荣誉勋章*10，精良配件箱*1。
4826,3号尖端碎末箱,每30个可立即合成1个3号尖端碎片箱（随机)。
5726,4型可选传奇碎末箱,每30个可立即合成4型可选传奇碎片箱
5485,2024年锦鲤卡,用于2024年鱼跃龙门活动中，投送使用。
5730,1号位可选传奇碎末箱,每30个可立即合成1号位可选传奇碎片箱
5483,混合能源,军徽科技升级时所需消耗的必须道具
2054,配件运载箱,来自盟友的馈赠，存有珍贵的配件，需要运载箱秘钥方可打开。
5887,传奇炮口随机箱（碎片）,20个碎片可以合成1个传奇炮口随机箱
729,马歇尔魂石箱,使用后获得马歇尔魂魄*1
5623,紫色分布提升1型秘籍,使用可以解锁紫色能源晶核分布提升1型的制作功能
6002,雨燕银币,用于清明活动组，活动商店兑换奖励
2088,配件运载箱,来自盟友的馈赠，存有珍贵的配件，需要运载箱秘钥方可打开。
1144,八方来财宝箱,使用后获得荣誉勋章*30，精锐勋章*20，金币*100
6036,梦幻童堡,使用后获得梦幻童堡皮肤
5236,摧坚陷阵,使用后获得摧坚陷阵【30天】头像框
2112,配件运载箱,来自盟友的馈赠，存有珍贵的配件，需要运载箱秘钥方可打开。
6071,死神之镰飞艇装扮7日版,使用后获得死神之镰飞艇装扮，持续7天
1247,尊敬礼包,使用后获得先进配件箱*1，统率书*3，初级将领经验书*2
908,T-14阿玛塔,使用获得T-14阿玛塔*1
5541,银星生产军徽碎片,★★★★可用于合成银星生产军徽，20个碎片可合成完整军徽
5065,涂装1折券,购买涂装虎川式坦克[沙漠版]时，享受1折优惠
5802,稀有弹药随机箱,使用后，可随机获得一件稀有的弹药
5932,金币雨基地围墙永久版,使用后获得金币雨基地围墙
5605,讲义奖章自选箱,使用后可选择获取一个讲义或者奖章
4985,专家心得选择箱,使用后可获得自选的1种专家心得
6251,名满天下基地皮肤,使用后可立即获得名满天下专属建筑装扮，重复获得时会自动转化为强化图纸x50。
4930,装备精工包,使用后可选择获得一种将领装备精工需要的奖章或讲义1个。
6206,剑鱼号飞艇装扮永久版,使用后获得剑鱼号飞艇装扮
1273,光辉礼包,使用后获得神秘矿物*100，电钻*1000，工具箱*10，设计蓝图*50
5351,声名赫赫头像框,使用后可获得声名赫赫头像框*1
6306,冒险金币,用于在2026元旦活动中兑换高级奖励。
5186,牛气冲天装扮,使用后可立即获得牛气冲天专属建筑装扮，重复获得时会自动转化为强化图纸
5214,2小时通用加速,可用于：建造或升级、科技、生产或改造、战机革新
1317,红燕礼包,使用后获得中型资源箱*1，海量钛矿*5，海量石油*5，金币*500
5984,浪漫头像,使用后获得浪漫头像
513,火控装置,使用后获得歼击车的火控装置
6334,海盗船货运装扮-30天,使用后，获得海盗船货运装扮，持续30天
4977,尖端特战坦克集装箱,使用之后可以选择获得50辆尖端特战坦克
6406,纵横赛场,使用后获得称号纵横赛场
947,电磁轨道炮,电磁轨道炮每种碎片各1个
6313,帝国血色法典,【叶卡捷琳娜】的专属武器精工道具！
5590,好运之神称号,使用之后可以获得好运之神称号，重复使用时会自动转化为金币×100。
5137,决斗令,可用于发起决斗
5776,稀有蜂黄部件随机箱,使用后，随机获得一件稀有品质的蜂黄部件
6088,完美自行火炮-战痕技能箱,战机技能箱，使用后获得1个橙色品质的自行火炮-战痕技能
3314,VIP白银宝箱,使用获得荣誉勋章*5，并有几率开出高级配件及碎片，资源和珍贵道具
1341,绿色预热礼包,使用后获得幸运币*3，统率书*5，加速生产*1，重型火箭车*10，金币*200
6398,糖芯小队,使用后可解锁人物糖芯小队
6250,冰封王座碎片,可用于兑换冰封王座专属装扮，兑换后多出的碎片可使用转换为强化图纸×1。
5035,新型精良坦克宝箱,使用后可获得一辆自选精良坦克
6061,铁幕戌卫-3日版,使用后，头像改变为铁幕成卫，持续3天
5059,涂装5折券,购买涂装脉冲坦克[磁力版]时，享受5折优惠
5708,番茄培育所皮肤碎片,可用于兑换番茄培育所专属装扮，兑换后多出的碎片可使用转换为强化图纸x1。
5081,生日快乐,使用可获得【生日快乐】聊天气泡（永久）
2074,配件运载箱,来自盟友的馈赠，存有珍贵的配件，需要运载箱秘钥方可打开。
5645,紫色伤害递增能源晶核,使用后获得一个紫色伤害递增能源晶核
1032,15级礼包,使用后获得热核炸药*1、幸运币*3、裁决佩剑*1
4830,3号究极碎片箱,使用后随机获得究极品质的反应装甲或者仪表盘碎片1个。
6303,电闪雷鸣基地围墙,使用后可获得电闪雷鸣基地围墙。
1202,任务集市15级奖励,使用后获得统率书*2，荣誉勋章*20，热核炸药*2，中型自行火炮*20
5168,完美全体-反制技能箱,战机技能箱，使用后获得1个橙色品质的全体-反制技能
5662,紫色火箭车劣势反杀,使用可以获得一个火箭车劣势反杀紫色能源晶核
5363,金戈铁马头像,使用后可获得金戈铁马头像*1，重复使用时会自动转化为金币×100。
5927,尖叫小屋,使用后可立即获得尖叫小屋建筑装扮，重复获得时会自动转化为强化图纸x50。
2063,配件运载箱,来自盟友的馈赠，存有珍贵的配件，需要运载箱秘钥方可打开。
5462,8小时军装制作技术加速,可用于减少军装制作技术中研究节点时8小时剩余时间
4945,强化图纸,用于升级建筑外观的星阶，提升外观属性加成。
1011,天启礼包,使用后获得荣誉勋章*5，天启坦克*1，金币*50
475,紫罗兰肩章,权力的象征，用于提升紫色品质装备的品阶
5286,装甲芯片（橙）可选箱,使用后可选择获得专属装甲芯片（橙）*1
4975,祥瑞府邸,使用后可立即获得祥瑞府邸装扮，重复使用时会自动转化为强化图纸x50。
5930,惊吓头像框,使用后获得惊吓头像框
5328,惊喜礼盒碎片,可用于兑换惊喜礼盒专属装扮，兑换后多出的碎片可使用转换为强化图纸x1。
5686,橙色配饰军装随机箱,打开后可以随机获取橙色配饰一件
1041,蝎子礼包,使用后获得金币*150、荣誉勋章*3、幸运币*1。
602,紫金勋章,用于将领突破
1196,应用宝15级礼包,使用后获得小型资源箱*3，统率书*2，荣誉勋章*20，热核炸药*2，中型火箭车*20
3205,战术Exp*100,使用后获得战术Exp*100
5653,橙色分布提升3型,使用可以获得一个分布提升橙色能源晶核
1143,七星高照宝箱,使用后获得机动回避*1，统率书*5，火控核芯*10，金币*100
2028,配件运载箱,来自盟友的馈赠，存有珍贵的配件，需要运载箱秘钥方可打开。
1176,全胜礼包,使用后获得统率书*2，银质装甲勋章*3，紫金勋章*1
920,随机结晶Lv6,随机能量结晶Lv6
5242,横扫干军【30天】,使用后获得[横扫干军]称号30天
5247,迷彩反射装甲蓝图宝箱,打开后选择迷彩反射装甲蓝图一张
5450,制空传记橙色自选箱,使用之后可选择获得一个橙色制空传记
6013,战场-沙漠风暴,使用后可立即获得战场-沙漠风暴
5336,巨象涂装[雨林版］碎片,可用于兑换巨象涂装[雨林版]，兑换后多出的碎片可使用转换为涂装图纸x1。
870,催化剂箱,使用后获得催化剂*2000
6356,清风迎春-3日版,使用后获得清风迎春名片，持续3天
1178,斗志礼包,使用后获得迁徙令*1，加速生产*1，荣誉勋章*5，虎王坦克*5
1239,光耀礼包,使用后获得小型资源箱*1，中型保护盾*1，统率书*4，幸运币*3
6401,猛犸自行火炮[恶魔版】碎片,可用于兑换猛犸自行火炮[恶魔版】涂装，兑换后多出的碎片可使用转换为涂装图纸x1。
1335,菱形战术,使用后获得飓风火箭车*15，鼠式坦克*15，谢尔曼*15
5931,闹鬼礼盒,打开可概率获得蝙蝠金币、蝙蝠银币、巧克力。
764,崔可夫大魂石箱,使用后获得崔可夫魂魄*10
1308,新年迎春礼包,使用后获得金币*50，将领魂石箱*10，统率书*5，加速生产*3
1286,圣诞限量礼包,使用后获得火控核芯箱*1，聚变核芯箱*1，导航核芯箱*1，爆燃核芯箱*1
3043,惠特福德魂魄,使用后获得惠特福德魂魄*1
5166,稀有全体-无惧技能箱,战机技能箱，使用后获得1个紫色品质的全体-无惧技能
5566,小丑戏法,使用后可立即获得形象-小丑戏法
937,统帅指挥刀,【帕奇】的专属武器精工道具！
5456,童心未泯碎片,可用于兑换童心未泯专属装扮，兑换后多出的碎片可使用转换为强化图纸x1。
1029,神秘大奖,使用后获得黑鹰*10、神秘矿物*5、统率书*5、加速生产*1
1055,物资礼包,使用后获得铁矿*80W、石油*80W、铅矿*80W、钛矿*15W、水晶*15W。
548,复合装甲碎片,使用后获得自行火炮的复合装甲碎片
5282,减伤芯片IV（紫）可选箱,使用后可选择获得专属减伤芯片IV（紫）*1
5465,常胜长官,使用后可立即获得形象-常胜长官
1244,星尘礼包,使用后获得金币*100，异星晶尘*2000
1189,母亲节感恩礼包,使用后获得大量水晶*3，重型坦克*20，工具箱*5
2023,配件运载箱,来自盟友的馈赠，存有珍贵的配件，需要运载箱秘钥方可打开。
5529,高级清明礼盒,可随机获得礼盒中的一种奖励
5944,厂房资源随机箱,打开后，随机获得一种厂房所需资源
5957,泰坦歼击车[冬季版]碎片,可用于兑换泰坦歼击车[冬季版]，兑换后多出的碎片可使用转换为涂装图纸x1。
6331,雪影踪迹货运装扮-30天,使用后，获得雪影踪迹货运装扮，持续30天
4925,上帝之杖蓝图宝箱,使用后可选择获得一种上帝之杖的设计蓝图1个。
516,复合装甲,使用后获得自行火炮的复合装甲
1061,四等奖礼包,使用后获得工具箱*5、大量水晶*3、重型坦克*20。
1050,秩序礼包,使用后获得金币*500、小型资源箱*1、加速生产*1、荣誉勋章*6、统率书*3。
3313,VIP青铜宝箱,使用获得加速前行*1，并有几率开出配件，资源和珍贵道具
5094,生存AI箱,使用之后可以获得一个生存A，重复获得时会自动转化为相应部队的碎片。
1155,周年庆军事礼包,使用后获得配件补充包*10，荣誉勋章*10，高级将领经验书*2，天启坦克*10，工具箱*5
3349,爱神丘比特,打开后可获得无独有偶专属称号：爱神丘比特
4988,新型核芯储备包,使用后可获得1个自选改装核芯
3004,克卢格魂石箱,使用后获得克卢格魂魄*1
5032,发射基地体验卡【7天】,使用后可立即获得发射基地体验卡【7天】限时体验建筑装扮，该装扮无属性加成。
5310,喜气盈门头像框,使用后可获得喜气盈门头像框*1
5271,轻工材料,俄势力体系进修道具
5062,涂装1折券,购买涂装红箭10[海洋版]时，享受1折优惠
5447,领袖传记橙色自选箱,使用之后可选择获得一个橙色领袖传记
6225,歼击车反熵能源,负熵系统中升级歼击车能源道具
953,上帝之杖,上帝之杖每种碎片各1个
1219,装甲宝箱,使用后获得加速生产*1，荣誉勋章*5，幸运币*5，重型火箭车*15
5219,时间旅行者称号,使用之后可以获得时间旅行者称号，重复使用时会自动转化为金币×100。
1197,应用宝20级礼包,使用后获得小型资源箱*5，统率书*3，荣誉勋章*30，中型火箭车*30，金币*10
5559,金星工程军徽碎片,贵★★★★可用于合成金星工程军徽，20个碎片可合成完整军徽
5333,派对之星头像框,使用后可获得专属头像框，完成派对之星活动可获得，重复使用时会自动转化为金币x100。
6395,2026儿童节礼包,有概率获得积木金币、积木银币、柴油奖励
5000,新型尖端坦克宝箱,使用后可获得一辆自选尖端坦克
6308,流亡者之刃,【科瓦奇】的专属武器精工道具！
1359,钻石优选坦克宝箱,使用后随机获得究极特战坦克一辆。
5593,威令权杖,【埃里克】【凯特琳】的专属武器精工道具！
5682,橙色武器军装随机箱,打开后可以随机获取橙色武器一件
5921,称号-利剑少将,使用后获得利剑少将称号
1290,I1号机大礼,使用后获得配件补充包*100，先进碎片箱*2，卡夫卡的精良配件箱*2
5999,黄金船锚,用于活动商店中兑换物品
2060,配件运载箱,来自盟友的馈赠，存有珍贵的配件，需要运载箱秘钥方可打开。
661,大师指挥心得,用于将领技能升级
6218,赤红晶核,斗轮机有概率产出稀有物品，可在十一商店中兑换道具
1062,五等奖礼包,使用后获得统率书*2、大量水晶*2、中型火箭车*20。
5163,稀有全体-压制技能箱,战机技能箱，使用后获得1个紫色品质的全体-压制技能
843,VIP5超值礼包,VIP5超值礼包，内含初级指挥心得*20，机动回避*1，工具箱*10。
3341,Vip特权头像(男),使用后可获得Vip特权头像（男）
6399,虎王坦克[恶魔版]碎片,可用于兑换虎王坦克[恶魔版]涂装，兑换后多出的碎片可使用转换为涂装图纸x1。
5105,A型[歼击车]零件随机箱,使用后随机获得A型飞艇[歼击车]紫色及以下品质的零件*1
1280,储值回馈礼包2,使用后获得大型保护盾*3，命中提升l*3，T-99*50，金币*200
1121,Gstar豪华战车礼包,使用后获得野蜂自行火炮*50，尖啸者火箭车*50，豹式坦克*50，追猎者歼击车*50
5995,踏青头像框,使用后获得踏青头像框
1158,周年庆烟花礼包,使用后获得爆燃核芯*15，先进碎片箱*1，幸运币*3，挖掘机*5
850,VIP1免费礼包,VIP1免费礼包，内含精锐勋章*20，统率书*1，荣誉勋章*10。
4969,涂装图纸,用于升级部队涂装的星阶，提升涂装属性加成。
842,VIP4超值礼包,VIP4超值礼包，内含精良配件箱*1，加速前行*2，初级将领经验书*20。
5487,十周年头像框,使用后可获得十周年头像框*1，重复使用时会自动转化为金币×100。
6232,鎏金盛典-永久版,使用后迁城特效将改变为鎏金盛典
989,尖端特战坦克宝箱,使用之后可以随机获得一辆尖端特战坦克
5023,新型将领学说包,使用后可获得自选的1种将领学说
3319,寒霜火箭车,使用后获得寒霜火箭车*1
4940,补给部队,使用后获得补给部队
6205,战争火喉飞艇装扮7日版,使用后获得战争火喉飞艇装扮，持续7天
1100,铸甲礼包,使用后获得荣誉勋章*1，统率书*4，幸运币*1，重型坦克*10
5936,潮汐领航皮肤,使用后可获得潮汐领航专属装扮
6066,远航者飞艇装扮永久版,使用后获得远航者飞艇装扮
919,随机结晶Lv5,随机能量结晶Lv5
5744,5号位可选传奇碎片箱,打开后可以选择获取任意5号位的传奇配件碎片
674,终极配件包,使用后获得设计蓝图*20，神秘矿物*40，电钻*200，大量水晶*10，先进配件箱*1
5739,4号位随机传奇碎片箱,打开后可以随机获取4号位的传奇配件碎片
5056,涂装5折券,购买涂装T100[丛林版]时，享受5折优惠
2080,配件运载箱,来自盟友的馈赠，存有珍贵的配件，需要运载箱秘钥方可打开。
6283,通讯部队矩阵精华,通讯部队矩阵突破至红色所需的材料
564,卡夫卡的普通配件箱改,打开后随机获得普通火控装置或复合装甲1个
4829,2号究极碎片箱,使用后随机获得究极品质的记忆合金碎片、钨芯弹头碎片、高爆弹头碎片1个。
5895,传奇能动轮随机箱（碎片）,20个碎片可以合成1个传奇能动轮随机箱
6213,啤酒马车装扮7日版,使用后获得啤酒马车货运装扮，持续7天。
801,四兽礼包,使用后获得虎王坦克*10、斗狼歼击车*10、猛犸自行火炮*10、怒狮火箭车*10
5644,橙色能源晶核可选箱,使用后选择获得一种橙色能源晶核
1161,周年庆钢弹礼包,使用后获得紫金勋章*1，神秘矿物*3，设计蓝图*5，零件*700
461,高级装备图纸+3,可将装备品质从紫色+2提升至紫色+3
1153,羊年大吉,使用后获得统率书*5，小型资源箱*1，尖啸者火箭车*10，复原图纸*1
6031,枪林弹雨-永久版,使用后获得枪林弹雨基地围墙
5809,稀有舱盖指定箱,使用后，可选择获得一件稀有的舱盖
5591,英勇指挥刀,【加里森】【娜塔莉亚】的专属武器精工道具！
932,研究报告,在装备研究所中使用，有概率获得将领装备精工道具
5790,史诗翠绿歼击车部件随机箱,使用后，随机获得一件史诗品质，对应歼击车的翠绿部件
5417,战场喷漆,用于战场装扮等级提升
4620,电磁波技能箱,战机技能箱，使用后获得1个紫色品质的电磁波技能
5600,电玩头像框,使用后获得电玩头像框
5335,99A涂装[雨林版]碎片,可用于兑换99A涂装[雨林版]，兑换后多出的碎片可使用转换为涂装图纸x1。
5692,橙色战斗靴军装可选箱,打开后可以指定获取橙色战斗靴一件
5745,5号位随机传奇碎末箱,每30个可立即合成5号位随机传奇碎片箱
3321,随机先进特战坦克,随机获得先进特战坦克一辆
5542,银星工程军徽碎片,★★★★可用于合成银星工程军徽，20个碎片可合成完整军徽
935,稳定剂,使用后获得稳定剂*1
1134,九九同心礼包,使用后获得热核炸药*2，精良配件箱*1，鼠式坦克*2，突击虎*2
5322,飞艇先进随机箱,使用后随机获得紫色品质的飞艇稀有零件
2005,配件运载箱,来自盟友的馈赠，存有珍贵的配件，需要运载箱秘钥方可打开。
5985,浪漫头像框,使用后获得浪漫头像框
6217,捕鲨船装扮30日版,使用后获得捕鲨船货运装扮，持续30天。
822,战象自行火炮,使用后获得战象自行火炮*1
5240,铿锵玫瑰【15天】,使用后获得铿锵玫瑰【15天】头像
5248,可选结晶Lv13,使用后可选择获得任意种类的13级结晶1
5469,星际晶塔装扮,使用后可立即获得星际晶塔专属建筑装扮，重复获得时会自动转化为强化图纸x50。
2033,配件运载箱,来自盟友的馈赠，存有珍贵的配件，需要运载箱秘钥方可打开。
4954,尊享结晶箱,使用后可立即获得随机种类的9级或10级能量结晶1个。
4992,万圣夜之城体验卡【7天】,使用后可立即获得万圣夜之城体验卡【7天】限时体验建筑装扮，该装扮无属性加成
5847,传奇炮口碎片指定箱,使用后，可选择获得一个传奇的炮口的碎片
5108,S型[通用]零件随机箱,使用后随机获得S型飞艇[通用]紫色及以下品质的零件*1
5782,传奇蜂黄歼击车部件随机箱,使用后，随机获得一件传奇品质，对应歼击车的蜂黄部件
550,复合装甲碎片,使用后获得自行火炮的复合装甲碎片
6021,劳动礼盒,有概率获得2025劳动金币、2025劳动银币，更有概率获得货车钥匙
3343,大将活跃宝箱,使用后可获得先进特战坦克宝箱*30，名将魂石箱*5，配件改造包*5，精工石碎片*5
6347,紫色秘宝碎片随机箱,打开随机获得紫色秘宝碎片*1
5926,利剑礼包,打开可概率获得造船图纸、金锚、银锚
6380,相位跃迁-3日版,使用后迁城特效可改变为相位跃迁，持续3天。
5194,EXP,势力相关经验道具，使用之后获得对应势力经验50点。
6271,金鳞天枢碎片,可用于兑换金鳞天枢专属装扮，兑换后多出的碎片可使用转换为强化图纸×1。
5924,利剑头像,联合利剑活动获得
5935,星光环绕基地围墙,使用后可获得星光环绕基地围墙
5481,科技芯片,军徽科技升级时所需消耗的必须道具
1299,vip月度礼包,使用后获得金币*188，统率书*10，中级将领经验书*10，荣誉勋章*50
738,弗朗哥魂石箱,使用后获得弗朗哥魂魄*1
6310,金色飞翼剑,【阿列克谢】的专属武器精工道具！
1250,百世礼包,使用后获得加速生产*1，加速前行*1，大型能量盾*1，热核炸药*1
570,1号尖端配件箱,打开随机获得尖端陶瓷装甲或炮口制退器1个
5205,战争狂热称号,使用后可以获得战争狂热称号，重复使用时会自动转化为金币×100
6350,橙色秘宝碎片自选箱,打开选择获得橙色秘宝碎片*1
961,上级心得包,使用随机获得1种高级或专家心得
5445,领袖传记蓝色自选箱,使用之后可选择获得一个蓝色领袖传记
1303,速战礼包,使用后获得高级将领经验书*5，统率书*6，荣誉勋章*30，加速生产*1
863,精锐勋章包,使用后获得精锐勋章*100
5963,圣诞飞车装扮,使用后可立即获得圣诞飞车专属建筑装扮，重复获得时会自动转化为强化图纸x50。
5640,紫色能源晶核箱,打开后随机获得高级或威望级能源晶核*1
5673,甜蜜音律,使用后可立即获得甜蜜音律建筑装扮，重复获得时会自动转化为强化图纸x50。
1078,赛前招募,使用后获得金币*600。
5217,1分钟通用加速,可用于：建造或升级、科技、生产或改造、战机革新
1084,15级礼包,开启需要等级15。使用获得20级礼包*1，黄金宝箱*1，小箱金币*1
1105,磨灭礼包,使用后获得荣誉勋章*5，统率书*2，幸运币*2，中型火箭车*20
6015,小丑狂货运装扮-7天,使用后，获得小丑狂货运装扮（陆地），持续7天
3101,巨人坦克,使用后获得巨人坦克*1
1115,仁义礼包,使用后获得工具箱*5，大量水晶*3，重型坦克*20
5886,传奇雷达随机箱,打开后，随机获取一个传奇雷达
5503,高级龙年礼包,使用后可随机获得礼包中的一种奖励。
